TimeStamp,participant,Experiment,SessionTime,Event, xPos, yPos, zPos
637946262401757969,,,,0,,300,Game Start,,,
637946262412672175,,,,0,,,looking at red cube,1.389999,17.85289,-0.46
637946262412881341,,,,0,,,looking at red cube,1.389999,17.80884,-0.46
637946262413111396,,,,0,,,looking at red cube,1.389999,17.76367,-0.46
637946262413557912,,,,0,,,looking at red cube,1.389999,17.67467,-0.46
637946262415143312,,,,0,,,looking at red cube,1.389999,17.35641,-0.46
637946262415643422,,,,0,,,looking at red cube,1.389999,17.25602,-0.46
637946262415833479,,,,0,,,looking at red cube,1.389999,17.22015,-0.46
637946262416033514,,,,0,,,looking at red cube,1.389999,17.17989,-0.46
637946262416223557,,,,0,,,looking at red cube,1.389999,17.14241,-0.46
637946262416403600,,,,0,,,looking at red cube,1.389999,17.10442,-0.46
637946262416593640,,,,0,,,looking at red cube,1.389999,17.06731,-0.46
637946262416783683,,,,0,,,looking at red cube,1.389999,17.02967,-0.46
637946262416973725,,,,0,,,looking at red cube,1.389999,16.99076,-0.46
637946262417163767,,,,0,,,looking at red cube,1.389999,16.95299,-0.46
637946262426712637,,,,0,,,looking at red cube,1.389999,15.04285,-0.46
637946262430108015,,,,0,,,looking at red cube,1.389999,14.36502,-0.46
637946262430328066,,,,0,,,looking at red cube,1.389999,14.32104,-0.46
637946262430548118,,,,0,,,looking at red cube,1.389999,14.27672,-0.46
637946262430768167,,,,0,,,looking at red cube,1.389999,14.23254,-0.46
637946262430988214,,,,0,,,looking at red cube,1.389999,14.18759,-0.46
637946262431208264,,,,0,,,looking at red cube,1.389999,14.14368,-0.46
637946262431438821,,,,0,,,looking at red cube,1.389999,14.09891,-0.46
637946262431728381,,,,0,,,looking at red cube,1.389999,14.04143,-0.46
637946262431898418,,,,0,,,looking at red cube,1.389999,14.00406,-0.46
637946262432068451,,,,0,,,Regular Red Cube(Clone) was picked up,1.389999,14.00406,-0.46
637946262454714545,,,,0,,,Regular Red Cube(Clone)was placed in dropzone,14,7,10.41
637946262466849329,,,,0,,,looking at blue cube,1.389999,13.12433,-0.46
637946262467039379,,,,0,,,looking at blue cube,1.389999,13.0863,-0.46
637946262467239420,,,,0,,,looking at blue cube,1.389999,13.04964,-0.46
637946262467429457,,,,0,,,looking at blue cube,1.389999,13.01029,-0.46
637946262467629499,,,,0,,,looking at blue cube,1.389999,12.97041,-0.46
637946262467809541,,,,0,,,looking at blue cube,1.389999,12.93227,-0.46
637946262468019595,,,,0,,,looking at blue cube,1.389999,12.89396,-0.46
637946262468229636,,,,0,,,looking at blue cube,1.389999,12.85083,-0.46
637946262468429679,,,,0,,,looking at blue cube,1.389999,12.81178,-0.46
637946262468629725,,,,0,,,looking at blue cube,1.389999,12.77113,-0.46
637946262468819772,,,,0,,,looking at blue cube,1.389999,12.73241,-0.46
637946262469019809,,,,0,,,looking at blue cube,1.389999,12.69342,-0.46
637946262469219859,,,,0,,,looking at blue cube,1.389999,12.65307,-0.46
637946262469419920,,,,0,,,looking at blue cube,1.389999,12.61268,-0.46
637946262469619948,,,,0,,,looking at blue cube,1.389999,12.57291,-0.46
637946262469809992,,,,0,,,looking at blue cube,1.389999,12.533,-0.46
637946262469950022,,,,0,,,Regular Blue Cube(Clone) was picked up,1.389999,12.533,-0.46
637946262484253270,,,,0,,,Regular Blue Cube(Clone)was placed in dropzone,12,7,10.41
637946262487063910,,,,0,,,looking at Drop Zone,12,7,10.41
637946262487233958,,,,0,,,looking at Drop Zone,12,7,10.41
637946262493393726,,,,0,,,looking at gold cube,1.389999,10.9045,2.336
637946262493593771,,,,0,,,looking at gold cube,1.389999,10.86511,2.336
637946262493793815,,,,0,,,looking at gold cube,1.389999,10.82482,2.336
637946262493993861,,,,0,,,looking at gold cube,1.389999,10.78394,2.336
637946262494183904,,,,0,,,looking at gold cube,1.389999,10.74598,2.336
637946262494373940,,,,0,,,looking at gold cube,1.389999,10.70691,2.336
637946262494583994,,,,0,,,looking at gold cube,1.389999,10.66586,2.336
637946262494964079,,,,0,,,looking at invis cube,1.389999,13.65735,2.336
637946262495164122,,,,0,,,looking at invis cube,1.389999,13.61732,2.336
637946262495344165,,,,0,,,looking at invis cube,1.389999,13.57795,2.336
637946262495534210,,,,0,,,looking at invis cube,1.389999,13.54173,2.336
637946262495734258,,,,0,,,looking at invis cube,1.389999,13.50332,2.336
637946262495924296,,,,0,,,looking at invis cube,1.389999,13.46335,2.336
637946262496124334,,,,0,,,looking at invis cube,1.389999,13.42555,2.336
637946262496324384,,,,0,,,looking at invis cube,1.389999,13.38461,2.336
637946262496514427,,,,0,,,looking at invis cube,1.389999,13.34634,2.336
637946262496724472,,,,0,,,looking at invis cube,1.389999,13.30406,2.336
637946262496924519,,,,0,,,looking at invis cube,1.389999,13.26502,2.336
637946262497124564,,,,0,,,looking at invis cube,1.389999,13.22531,2.336
637946262497324607,,,,0,,,looking at invis cube,1.389999,13.18522,2.336
637946262497534655,,,,0,,,looking at invis cube,1.389999,13.14312,2.336
637946262497754705,,,,0,,,looking at invis cube,1.389999,13.09907,2.336
637946262497894737,,,,0,,,Regular Neutral Cube(Clone) was picked up,1.389999,13.09907,2.336
637946262508127870,,,,0,,,Regular Neutral Cube(Clone)was placed in dropzone,11,7,10.41
637946262516754985,,,,0,,,looking at invis cube,1.389999,15.39469,-0.46
637946262516965030,,,,0,,,looking at invis cube,1.389999,15.35554,-0.46
637946262517181130,,,,0,,,looking at invis cube,1.389999,15.31135,-0.46
637946262517395129,,,,0,,,looking at invis cube,1.389999,15.26695,-0.46
637946262517625180,,,,0,,,looking at invis cube,1.389999,15.22201,-0.46
637946262517857800,,,,0,,,looking at invis cube,1.389999,15.17772,-0.46
637946262518069624,,,,0,,,looking at invis cube,1.389999,15.13302,-0.46
637946262518523022,,,,0,,,looking at invis cube,1.389999,15.04432,-0.46
637946262519413214,,,,0,,,looking at blue cube,1.389999,11.81786,2.336
637946262519633270,,,,0,,,looking at blue cube,1.389999,11.77341,2.336
637946262519853312,,,,0,,,looking at blue cube,1.389999,11.72925,2.336
637946262520293415,,,,0,,,looking at invis cube,1.389999,14.68919,-0.46
637946262520523467,,,,0,,,looking at invis cube,1.389999,14.64405,-0.46
637946262520743545,,,,0,,,looking at invis cube,1.389999,14.60007,-0.46
637946262520959442,,,,0,,,looking at invis cube,1.389999,14.55576,-0.46
637946262521173651,,,,0,,,looking at invis cube,1.389999,14.51364,-0.46
637946262521373692,,,,0,,,looking at invis cube,1.389999,14.47363,-0.46
637946262521573742,,,,0,,,looking at invis cube,1.389999,14.43336,-0.46
637946262521773782,,,,0,,,looking at invis cube,1.389999,14.39298,-0.46
637946262521963826,,,,0,,,looking at invis cube,1.389999,14.35466,-0.46
637946262522153867,,,,0,,,looking at invis cube,1.389999,14.31579,-0.46
637946262522353911,,,,0,,,looking at invis cube,1.389999,14.27679,-0.46
637946262522563963,,,,0,,,looking at invis cube,1.389999,14.23671,-0.46
637946262522764007,,,,0,,,looking at invis cube,1.389999,14.19539,-0.46
637946262522894036,,,,0,,,Regular Neutral Cube(Clone) was picked up,1.389999,14.19539,-0.46
637946262534891850,,,,0,,,Regular Neutral Cube(Clone)was placed in dropzone,11,7,10.41
637946262544197096,,,,0,,,looking at blue cube,1.389999,6.858733,2.336
637946262544387137,,,,0,,,looking at blue cube,1.389999,6.820483,2.336
637946262544557175,,,,0,,,Regular Blue Cube(Clone) was picked up,1.389999,6.820483,2.336
637946262554547851,,,,0,,,Regular Blue Cube(Clone)was placed in dropzone,12,7,10.41
637946262560932676,,,,0,,,looking at invis cube,1.389999,9.613265,2.336
637946262561292757,,,,0,,,looking at invis cube,1.389999,9.541313,2.336
637946262561492806,,,,0,,,looking at invis cube,1.389999,9.50105,2.336
637946262561932903,,,,0,,,looking at invis cube,1.389999,9.412613,2.336
637946262562143775,,,,0,,,looking at invis cube,1.389999,9.367755,2.336
637946262562383832,,,,0,,,looking at invis cube,1.389999,9.323376,2.336
637946262562603880,,,,0,,,looking at invis cube,1.389999,9.277886,2.336
637946262562823716,,,,0,,,looking at invis cube,1.389999,9.234399,2.336
637946262563033762,,,,0,,,looking at invis cube,1.389999,9.190307,2.336
637946262563276718,,,,0,,,looking at invis cube,1.389999,9.145639,2.336
637946262563493868,,,,0,,,looking at invis cube,1.389999,9.10149,2.336
637946262563699183,,,,0,,,looking at invis cube,1.389999,9.056747,2.336
637946262563929234,,,,0,,,looking at invis cube,1.389999,9.012795,2.336
637946262564159286,,,,0,,,looking at invis cube,1.389999,8.967536,2.336
637946262564329326,,,,0,,,Regular Neutral Cube(Clone) was picked up,1.389999,8.967536,2.336
637946262573657877,,,,0,,,Regular Neutral Cube(Clone)was placed in dropzone,11,7,10.41
637946262576075132,,,,0,,,looking at Drop Zone,11,7,10.41
637946262584256975,,,,0,,,Regular Red Cube(Clone) was picked up,1.389999,8.016011,-0.46
637946262595310405,,,,0,,,Regular Red Cube(Clone)was placed in dropzone,14,7,10.41
637946262604369157,,,,0,,,looking at gold cube,1.390015,10.07717,-3.12
637946262604799211,,,,0,,,looking at gold cube,1.390015,9.989233,-3.12
637946262605029261,,,,0,,,looking at gold cube,1.390015,9.945005,-3.12
637946262605239306,,,,0,,,looking at gold cube,1.390015,9.90026,-3.12
637946262605469364,,,,0,,,looking at gold cube,1.390015,9.855393,-3.12
637946262605699412,,,,0,,,looking at gold cube,1.390015,9.811468,-3.12
637946262605919030,,,,0,,,looking at gold cube,1.390015,9.767027,-3.12
637946262606139085,,,,0,,,looking at gold cube,1.390015,9.7226,-3.12
637946262606359132,,,,0,,,looking at gold cube,1.390015,9.67843,-3.12
637946262606579185,,,,0,,,looking at gold cube,1.390015,9.634305,-3.12
637946262606809231,,,,0,,,looking at gold cube,1.390015,9.588932,-3.12
637946262607029457,,,,0,,,looking at gold cube,1.390015,9.5449,-3.12
637946262607249505,,,,0,,,looking at gold cube,1.390015,9.500755,-3.12
637946262607469556,,,,0,,,looking at gold cube,1.390015,9.456608,-3.12
637946262608695240,,,,0,,,looking at invis cube,1.389999,12.2762,-0.46
637946262608885283,,,,0,,,looking at invis cube,1.389999,12.23959,-0.46
637946262609055324,,,,0,,,looking at invis cube,1.389999,12.20182,-0.46
637946262610055548,,,,0,,,looking at invis cube,1.389999,12.00261,-0.46
637946262610235588,,,,0,,,looking at invis cube,1.389999,11.9676,-0.46
637946262610415625,,,,0,,,looking at invis cube,1.389999,11.93196,-0.46
637946262610615671,,,,0,,,looking at invis cube,1.389999,11.89278,-0.46
637946262610805713,,,,0,,,looking at invis cube,1.389999,11.85566,-0.46
637946262610985753,,,,0,,,looking at invis cube,1.389999,11.81608,-0.46
637946262611165793,,,,0,,,looking at invis cube,1.389999,11.78105,-0.46
637946262611365833,,,,0,,,looking at invis cube,1.389999,11.7432,-0.46
637946262611555881,,,,0,,,looking at invis cube,1.389999,11.70466,-0.46
637946262611735917,,,,0,,,looking at invis cube,1.389999,11.66674,-0.46
637946262611875959,,,,0,,,Regular Neutral Cube(Clone) was picked up,1.389999,11.66674,-0.46
637946262621627159,,,,0,,,Regular Neutral Cube(Clone)was placed in dropzone,11,7,10.41
637946262627667782,,,,0,,,looking at blue cube,1.390015,11.52543,-1.813
637946262627837820,,,,0,,,looking at blue cube,1.390015,11.48729,-1.813
637946262628037657,,,,0,,,looking at blue cube,1.390015,11.45097,-1.813
637946262628207697,,,,0,,,looking at blue cube,1.390015,11.41423,-1.813
637946262629848064,,,,0,,,looking at blue cube,1.390015,11.08675,-1.813
637946262630039205,,,,0,,,looking at blue cube,1.390015,11.04908,-1.813
637946262630219235,,,,0,,,looking at blue cube,1.390015,11.01334,-1.813
637946262630419283,,,,0,,,looking at blue cube,1.390015,10.97437,-1.813
637946262630609324,,,,0,,,looking at blue cube,1.390015,10.93647,-1.813
637946262630799362,,,,0,,,looking at blue cube,1.390015,10.8977,-1.813
637946262630989410,,,,0,,,looking at blue cube,1.390015,10.85906,-1.813
637946262631189454,,,,0,,,looking at blue cube,1.390015,10.82009,-1.813
637946262631379498,,,,0,,,looking at blue cube,1.390015,10.78158,-1.813
637946262631559539,,,,0,,,looking at blue cube,1.390015,10.7441,-1.813
637946262631759578,,,,0,,,looking at blue cube,1.390015,10.70628,-1.813
637946262631909618,,,,0,,,Regular Blue Cube(Clone) was picked up,1.390015,10.70628,-1.813
637946262643848733,,,,0,,,Regular Blue Cube(Clone)was placed in dropzone,12,7,10.41
637946262645147653,,,,0,,,looking at Drop Zone,12,7,10.41
637946262652737791,,,,0,,,looking at invis cube,1.390015,9.553082,-1.813
637946262653077121,,,,0,,,looking at invis cube,1.390015,9.483625,-1.813
637946262653257163,,,,0,,,looking at invis cube,1.390015,9.446492,-1.813
637946262653447200,,,,0,,,looking at invis cube,1.390015,9.410318,-1.813
637946262653637247,,,,0,,,looking at invis cube,1.390015,9.372587,-1.813
637946262653827289,,,,0,,,looking at invis cube,1.390015,9.334648,-1.813
637946262653997329,,,,0,,,looking at invis cube,1.390015,9.297574,-1.813
637946262654167650,,,,0,,,looking at invis cube,1.390015,9.26351,-1.813
637946262654357694,,,,0,,,looking at invis cube,1.390015,9.228997,-1.813
637946262654497726,,,,0,,,Regular Neutral Cube(Clone) was picked up,1.390015,9.228997,-1.813
637946262663108104,,,,0,,,Regular Neutral Cube(Clone)was placed in dropzone,11,7,10.41
637946262672820245,,,,0,,,Regular Neutral Cube(Clone) was picked up,1.390015,8.60905,-3.12
637946262683161909,,,,0,,,Regular Neutral Cube(Clone)was placed in dropzone,13,7,10.41
637946262689548133,,,,0,,,looking at blue cube,1.389999,8.27949,0.944
637946262689728171,,,,0,,,looking at blue cube,1.389999,8.243088,0.944
637946262689908208,,,,0,,,looking at blue cube,1.389999,8.205922,0.944
637946262690098255,,,,0,,,looking at blue cube,1.389999,8.171538,0.944
637946262690288296,,,,0,,,looking at blue cube,1.389999,8.132647,0.944
637946262690478340,,,,0,,,looking at blue cube,1.389999,8.095821,0.944
637946262690668384,,,,0,,,looking at blue cube,1.389999,8.056667,0.944
637946262690838421,,,,0,,,looking at blue cube,1.389999,8.020049,0.944
637946262691018462,,,,0,,,looking at blue cube,1.389999,7.98504,0.944
637946262691198502,,,,0,,,looking at blue cube,1.389999,7.948253,0.944
637946262691398546,,,,0,,,looking at blue cube,1.389999,7.91116,0.944
637946262691748627,,,,0,,,looking at blue cube,1.389999,7.841546,0.944
637946262691928665,,,,0,,,looking at blue cube,1.389999,7.802839,0.944
637946262692118706,,,,0,,,looking at blue cube,1.389999,7.766584,0.944
637946262692318750,,,,0,,,looking at blue cube,1.389999,7.727113,0.944
637946262692518800,,,,0,,,looking at blue cube,1.389999,7.686675,0.944
637946262692668831,,,,0,,,Regular Blue Cube(Clone) was picked up,1.389999,7.686675,0.944
637946262702597688,,,,0,,,Regular Blue Cube(Clone)was placed in dropzone,12,7,10.41
637946262708129595,,,,0,,,looking at blue cube,1.389999,7.595368,2.336
637946262708319642,,,,0,,,looking at blue cube,1.389999,7.557026,2.336
637946262708499674,,,,0,,,looking at blue cube,1.389999,7.518658,2.336
637946262708689728,,,,0,,,looking at blue cube,1.389999,7.482279,2.336
637946262708879766,,,,0,,,looking at blue cube,1.389999,7.445276,2.336
637946262709059804,,,,0,,,looking at blue cube,1.389999,7.407512,2.336
637946262709239841,,,,0,,,looking at blue cube,1.389999,7.37112,2.336
637946262709429891,,,,0,,,looking at blue cube,1.389999,7.333904,2.336
637946262709619931,,,,0,,,looking at blue cube,1.389999,7.297915,2.336
637946262709809975,,,,0,,,looking at blue cube,1.389999,7.259512,2.336
637946262710000020,,,,0,,,looking at blue cube,1.389999,7.221369,2.336
637946262710200064,,,,0,,,looking at blue cube,1.389999,7.180619,2.336
637946262710434405,,,,0,,,looking at blue cube,1.389999,7.135882,2.336
637946262710600146,,,,0,,,Regular Blue Cube(Clone) was picked up,1.389999,7.135882,2.336
637946262720927737,,,,0,,,Regular Blue Cube(Clone)was placed in dropzone,12,7,10.41
637946262729195718,,,,0,,,looking at red cube,1.389999,9.523624,-0.46
637946262729864086,,,,0,,,looking at red cube,1.389999,9.390077,-0.46
637946262731412894,,,,0,,,looking at red cube,1.390015,12.13325,-1.813
637946262731782980,,,,0,,,looking at red cube,1.390015,12.05959,-1.813
637946262732293091,,,,0,,,looking at red cube,1.390015,11.95818,-1.813
637946262732643167,,,,0,,,looking at red cube,1.390015,11.88785,-1.813
637946262736143958,,,,0,,,Regular Red Cube(Clone) was picked up,1.390015,11.21935,-1.813
637946262746803412,,,,0,,,Regular Red Cube(Clone)was placed in dropzone,14,7,10.41
637946262755191020,,,,0,,,looking at red cube,1.389999,4.325477,-0.46
637946262755408310,,,,0,,,looking at red cube,1.389999,4.281665,-0.46
637946262755618357,,,,0,,,looking at red cube,1.389999,4.237162,-0.46
637946262755838409,,,,0,,,looking at red cube,1.389999,4.19253,-0.46
637946262756028449,,,,0,,,Regular Red Cube(Clone) was picked up,1.389999,4.19253,-0.46
637946262765353040,,,,0,,,Regular Red Cube(Clone)was placed in dropzone,14,7,10.41
637946262771323207,,,,0,,,looking at invis cube,1.389999,7.196059,0.944
637946262771513251,,,,0,,,looking at invis cube,1.389999,7.15777,0.944
637946262771733300,,,,0,,,looking at invis cube,1.389999,7.113228,0.944
637946262773733755,,,,0,,,looking at invis cube,1.389999,6.713537,0.944
637946262773953799,,,,0,,,looking at invis cube,1.389999,6.669075,0.944
637946262774183852,,,,0,,,looking at invis cube,1.389999,6.624525,0.944
637946262774403899,,,,0,,,looking at invis cube,1.389999,6.580268,0.944
637946262774624180,,,,0,,,looking at invis cube,1.389999,6.53595,0.944
637946262774844606,,,,0,,,looking at invis cube,1.389999,6.49158,0.944
637946262775064652,,,,0,,,looking at invis cube,1.389999,6.447085,0.944
637946262775284702,,,,0,,,looking at invis cube,1.389999,6.402862,0.944
637946262775464744,,,,0,,,looking at invis cube,1.389999,6.367114,0.944
637946262775644785,,,,0,,,looking at invis cube,1.389999,6.331151,0.944
637946262775824817,,,,0,,,looking at invis cube,1.389999,6.293953,0.944
637946262776094884,,,,0,,,looking at invis cube,1.389999,6.239685,0.944
637946262776264917,,,,0,,,looking at invis cube,1.389999,6.204465,0.944
637946262776454959,,,,0,,,looking at invis cube,1.389999,6.169321,0.944
637946262776645013,,,,0,,,looking at invis cube,1.389999,6.129348,0.944
637946262776825045,,,,0,,,looking at invis cube,1.389999,6.093811,0.944
637946262776965076,,,,0,,,Regular Neutral Cube(Clone) was picked up,1.389999,6.093811,0.944
637946262786524053,,,,0,,,Regular Neutral Cube(Clone)was placed in dropzone,13,7,10.41
637946262795875990,,,,0,,,looking at blue cube,1.390015,8.447035,-3.12
637946262796056030,,,,0,,,looking at blue cube,1.390015,8.410257,-3.12
637946262796236071,,,,0,,,looking at blue cube,1.390015,8.376372,-3.12
637946262796886218,,,,0,,,looking at blue cube,1.390015,5.157133,-3.12
637946262797086263,,,,0,,,looking at blue cube,1.390015,5.119268,-3.12
637946262797276307,,,,0,,,looking at blue cube,1.390015,5.081208,-3.12
637946262797456344,,,,0,,,looking at blue cube,1.390015,5.042872,-3.12
637946262797646389,,,,0,,,looking at blue cube,1.390015,5.006254,-3.12
637946262797836430,,,,0,,,looking at blue cube,1.390015,4.967766,-3.12
637946262798036478,,,,0,,,looking at blue cube,1.390015,4.92796,-3.12
637946262798176503,,,,0,,,Regular Blue Cube(Clone) was picked up,1.390015,4.92796,-3.12
637946262811924558,,,,0,,,looking at invis cube,1.390015,8.288391,-3.12
637946262812114607,,,,0,,,looking at invis cube,1.390015,8.248426,-3.12
637946262819327535,,,,0,,,Regular Neutral Cube(Clone) was picked up,1.390015,6.839784,-3.12
637946262830423427,,,,0,,,Regular Neutral Cube(Clone)was placed in dropzone,13,7,10.41
637946262839216682,,,,0,,,looking at invis cube,1.390015,5.876413,-1.813
637946262839406720,,,,0,,,looking at invis cube,1.390015,5.838966,-1.813
637946262839596770,,,,0,,,looking at invis cube,1.390015,5.800788,-1.813
637946262839786810,,,,0,,,looking at invis cube,1.390015,5.763293,-1.813
637946262839976856,,,,0,,,looking at invis cube,1.390015,5.725662,-1.813
637946262840156895,,,,0,,,looking at invis cube,1.390015,5.688116,-1.813
637946262840336934,,,,0,,,looking at invis cube,1.390015,5.652961,-1.813
637946262840526969,,,,0,,,looking at invis cube,1.390015,5.614696,-1.813
637946262840717018,,,,0,,,looking at invis cube,1.390015,5.576353,-1.813
637946262840897058,,,,0,,,looking at invis cube,1.390015,5.539465,-1.813
637946262841077099,,,,0,,,looking at invis cube,1.390015,5.503093,-1.813
637946262841217129,,,,0,,,Regular Neutral Cube(Clone) was picked up,1.390015,5.503093,-1.813
637946262850515267,,,,0,,,Regular Neutral Cube(Clone)was placed in dropzone,13,7,10.41
637946262851365451,,,,0,,,looking at Drop Zone,13,7,10.41
637946262859269974,,,,0,,,looking at invis cube,1.389999,7.98716,0.944
637946262859410013,,,,0,,,Regular Neutral Cube(Clone) was picked up,1.389999,7.98716,0.944
637946262869747397,,,,0,,,Regular Neutral Cube(Clone)was placed in dropzone,13,7,10.41
637946262870013011,,,,0,,,looking at Drop Zone,13,7,10.41
637946262879134179,,,,0,,,looking at red cube,1.390015,7.077808,-3.12
637946262879434243,,,,0,,,looking at red cube,1.390015,7.0185,-3.12
637946262879614290,,,,0,,,looking at red cube,1.390015,6.980648,-3.12
637946262879804331,,,,0,,,looking at red cube,1.390015,6.944304,-3.12
637946262880024378,,,,0,,,looking at red cube,1.390015,6.899955,-3.12
637946262880230260,,,,0,,,looking at red cube,1.390015,6.855457,-3.12
637946262880476628,,,,0,,,looking at red cube,1.390015,6.810555,-3.12
637946262880685442,,,,0,,,looking at red cube,1.390015,6.766687,-3.12
637946262880918501,,,,0,,,looking at red cube,1.390015,6.72238,-3.12
637946262881135548,,,,0,,,looking at red cube,1.390015,6.677813,-3.12
637946262881355088,,,,0,,,looking at red cube,1.390015,6.633613,-3.12
637946262881574911,,,,0,,,looking at red cube,1.390015,6.588547,-3.12
637946262881774955,,,,0,,,looking at red cube,1.390015,6.550471,-3.12
637946262881964997,,,,0,,,looking at red cube,1.390015,6.511908,-3.12
637946262882135037,,,,0,,,looking at red cube,1.390015,6.474539,-3.12
637946262882325081,,,,0,,,looking at red cube,1.390015,6.43947,-3.12
637946262882505146,,,,0,,,looking at red cube,1.390015,6.401711,-3.12
637946262883375342,,,,0,,,looking at gold cube,1.390015,12.31847,-3.12
637946262883565384,,,,0,,,looking at gold cube,1.390015,12.28075,-3.12
637946262883765432,,,,0,,,looking at gold cube,1.390015,12.24141,-3.12
637946262883955472,,,,0,,,looking at gold cube,1.390015,12.20276,-3.12
637946262884155517,,,,0,,,looking at gold cube,1.390015,12.16262,-3.12
637946262884335558,,,,0,,,looking at gold cube,1.390015,12.1259,-3.12
637946262884515599,,,,0,,,looking at gold cube,1.390015,12.088,-3.12
637946262884705641,,,,0,,,looking at gold cube,1.390015,12.05266,-3.12
637946262884885681,,,,0,,,looking at gold cube,1.390015,12.01492,-3.12
637946262885075725,,,,0,,,looking at gold cube,1.390015,11.97878,-3.12
637946262885265768,,,,0,,,looking at gold cube,1.390015,11.94119,-3.12
637946262885445818,,,,0,,,looking at gold cube,1.390015,11.90256,-3.12
637946262885625847,,,,0,,,looking at gold cube,1.390015,11.86699,-3.12
637946262886305994,,,,0,,,looking at blue cube,1.389999,17.86295,0.944
637946262886506048,,,,0,,,looking at blue cube,1.389999,17.82327,0.944
637946262886696088,,,,0,,,looking at blue cube,1.389999,17.78452,0.944
637946262886896135,,,,0,,,looking at blue cube,1.389999,17.7459,0.944
637946262887086173,,,,0,,,looking at blue cube,1.389999,17.70745,0.944
637946262887286221,,,,0,,,looking at blue cube,1.389999,17.66885,0.944
637946262887483806,,,,0,,,looking at blue cube,1.389999,17.62809,0.944
637946262887673848,,,,0,,,looking at blue cube,1.389999,17.59038,0.944
637946262887863889,,,,0,,,looking at blue cube,1.389999,17.55224,0.944
637946262888047545,,,,0,,,looking at blue cube,1.389999,17.51435,0.944
637946262888227524,,,,0,,,looking at blue cube,1.389999,17.47666,0.944
637946262888454852,,,,0,,,looking at blue cube,1.389999,17.43241,0.944
637946262888689074,,,,0,,,looking at blue cube,1.389999,17.38807,0.944
637946262888909944,,,,0,,,looking at blue cube,1.389999,17.34347,0.944
637946262889125002,,,,0,,,looking at blue cube,1.389999,17.2994,0.944
637946262905348849,,,,0,,,looking at red cube,1.389999,4.875239,2.336
637946262905567760,,,,0,,,looking at red cube,1.389999,4.831446,2.336
637946262905787811,,,,0,,,looking at red cube,1.389999,4.786664,2.336
637946262905957852,,,,0,,,Regular Red Cube(Clone) was picked up,1.389999,4.786664,2.336
637946262914847559,,,,0,,,Regular Red Cube(Clone)was placed in dropzone,14,7,10.41
637946262915507878,,,,0,,,Regular Red Cube(Clone) was picked up,14,6,10.41
637946262933713188,,,,0,,,looking at gold cube,1.389999,5.315235,0.944
637946262933903232,,,,0,,,looking at gold cube,1.389999,5.277783,0.944
637946262934083270,,,,0,,,looking at gold cube,1.389999,5.242349,0.944
637946262934273312,,,,0,,,looking at gold cube,1.389999,5.203725,0.944
637946262934453353,,,,0,,,looking at gold cube,1.389999,5.167216,0.944
637946262934623393,,,,0,,,looking at gold cube,1.389999,5.130864,0.944
637946262934813436,,,,0,,,looking at gold cube,1.389999,5.096655,0.944
637946262935013480,,,,0,,,looking at gold cube,1.389999,5.056686,0.944
637946262935193518,,,,0,,,looking at gold cube,1.389999,5.018542,0.944
637946262935393567,,,,0,,,looking at gold cube,1.389999,4.980767,0.944
637946262935573606,,,,0,,,looking at gold cube,1.389999,4.944006,0.944
637946262935923683,,,,0,,,looking at blue cube,1.389999,7.940814,0.944
637946262936273763,,,,0,,,looking at invis cube,1.389999,10.9558,0.944
637946262940617474,,,,0,,,Regular Neutral Cube(Clone) was picked up,1.389999,10.12278,0.944
637946262949942217,,,,0,,,Regular Neutral Cube(Clone)was placed in dropzone,15,7,10.41
637946262957216052,,,,0,,,looking at invis cube,1.389999,9.834249,-0.46
637946262957427457,,,,0,,,looking at invis cube,1.389999,9.789905,-0.46
637946262957657512,,,,0,,,looking at invis cube,1.389999,9.744936,-0.46
637946262958767762,,,,0,,,looking at invis cube,1.389999,9.523306,-0.46
637946262958997813,,,,0,,,looking at invis cube,1.389999,9.478126,-0.46
637946262959207865,,,,0,,,looking at invis cube,1.389999,9.434635,-0.46
637946262959427463,,,,0,,,looking at invis cube,1.389999,9.389983,-0.46
637946262959657523,,,,0,,,looking at invis cube,1.389999,9.345637,-0.46
637946262959877574,,,,0,,,looking at invis cube,1.389999,9.301208,-0.46
637946262960104051,,,,0,,,looking at invis cube,1.389999,9.255916,-0.46
637946262960327671,,,,0,,,looking at invis cube,1.389999,9.211743,-0.46
637946262960517716,,,,0,,,looking at invis cube,1.389999,9.170148,-0.46
637946262960697754,,,,0,,,looking at invis cube,1.389999,9.13682,-0.46
637946262960837791,,,,0,,,Regular Neutral Cube(Clone) was picked up,1.389999,9.13682,-0.46
637946262970903628,,,,0,,,Regular Neutral Cube(Clone)was placed in dropzone,15,7,10.41
637946262978418300,,,,0,,,looking at blue cube,1.389999,11.70543,0.944
637946262978598344,,,,0,,,looking at blue cube,1.389999,11.66792,0.944
637946262978798388,,,,0,,,looking at blue cube,1.389999,11.62929,0.944
637946262978988428,,,,0,,,looking at blue cube,1.389999,11.59192,0.944
637946262979168470,,,,0,,,looking at blue cube,1.389999,11.55328,0.944
637946262979368512,,,,0,,,looking at blue cube,1.389999,11.51265,0.944
637946262979558558,,,,0,,,looking at blue cube,1.389999,11.47607,0.944
637946262979918637,,,,0,,,looking at blue cube,1.389999,11.40538,0.944
637946262980118682,,,,0,,,looking at blue cube,1.389999,11.36536,0.944
637946262980308724,,,,0,,,looking at blue cube,1.389999,11.32793,0.944
637946262980508773,,,,0,,,looking at blue cube,1.389999,11.28729,0.944
637946262980698812,,,,0,,,looking at blue cube,1.389999,11.24877,0.944
637946262980878852,,,,0,,,looking at blue cube,1.389999,11.21033,0.944
637946262981058893,,,,0,,,looking at blue cube,1.389999,11.17645,0.944
637946262981589012,,,,0,,,looking at gold cube,1.389999,14.12851,2.336
637946262981779062,,,,0,,,looking at gold cube,1.389999,14.08886,2.336
637946262981969098,,,,0,,,looking at gold cube,1.389999,14.05112,2.336
637946262982159140,,,,0,,,looking at gold cube,1.389999,14.01408,2.336
637946262982349191,,,,0,,,looking at gold cube,1.389999,13.97519,2.336
637946262982539230,,,,0,,,looking at gold cube,1.389999,13.938,2.336
637946262982729268,,,,0,,,looking at gold cube,1.389999,13.89939,2.336
637946262982939315,,,,0,,,looking at gold cube,1.389999,13.85791,2.336
637946262983129360,,,,0,,,looking at gold cube,1.389999,13.81984,2.336
637946262983319403,,,,0,,,looking at gold cube,1.389999,13.78122,2.336
637946262983499443,,,,0,,,looking at gold cube,1.389999,13.74316,2.336
637946262983679484,,,,0,,,looking at gold cube,1.389999,13.70637,2.336
637946262983879531,,,,0,,,looking at gold cube,1.389999,13.66849,2.336
637946262984079572,,,,0,,,looking at gold cube,1.389999,13.62788,2.336
637946262984259613,,,,0,,,looking at gold cube,1.389999,13.59176,2.336
637946262984439654,,,,0,,,looking at gold cube,1.389999,13.55569,2.336
637946262984649695,,,,0,,,looking at gold cube,1.389999,13.51672,2.336
637946262987527410,,,,0,,,looking at red cube,1.390015,19.03064,-1.813
637946262987760627,,,,0,,,looking at red cube,1.390015,18.9867,-1.813
637946262989607428,,,,0,,,looking at red cube,1.390015,18.61237,-1.813
637946262996744602,,,,0,,,looking at red cube,1.390015,17.18731,-1.813
637946262996976374,,,,0,,,looking at red cube,1.390015,17.14285,-1.813
637946262997154694,,,,0,,,looking at red cube,1.390015,17.1054,-1.813
637946262997512800,,,,0,,,looking at red cube,1.390015,17.03592,-1.813
637946262997692841,,,,0,,,looking at red cube,1.390015,16.99794,-1.813
637946262997882883,,,,0,,,looking at red cube,1.390015,16.95997,-1.813
637946262998082929,,,,0,,,looking at red cube,1.390015,16.9201,-1.813
637946262998302977,,,,0,,,looking at red cube,1.390015,16.87683,-1.813
637946262998513277,,,,0,,,looking at red cube,1.390015,16.83568,-1.813
637946262998703320,,,,0,,,looking at red cube,1.390015,16.79679,-1.813
637946262998853354,,,,0,,,Regular Red Cube(Clone) was picked up,1.390015,16.79679,-1.813
637946263009909665,,,,0,,,Regular Red Cube(Clone)was placed in dropzone,15,7,10.41
637946263017351607,,,,0,,,Regular Red Cube(Clone) was picked up,15,4.498831,10.41
637946263021127951,,,,0,,,Regular Red Cube(Clone)was placed in dropzone,14,7,10.41
637946263031797997,,,,0,,,looking at gold cube,1.389999,16.33004,-0.46
637946263032648184,,,,0,,,looking at invis cube,1.389999,19.2478,0.944
637946263032818224,,,,0,,,looking at invis cube,1.389999,19.21161,0.944
637946263032998268,,,,0,,,looking at invis cube,1.389999,19.17598,0.944
637946263033178307,,,,0,,,looking at invis cube,1.389999,19.1405,0.944
637946263033368344,,,,0,,,looking at invis cube,1.389999,19.10256,0.944
637946263033558389,,,,0,,,looking at invis cube,1.389999,19.06511,0.944
637946263033758442,,,,0,,,looking at invis cube,1.389999,19.02691,0.944
637946263033938476,,,,0,,,looking at invis cube,1.389999,18.98833,0.944
637946263034128521,,,,0,,,looking at invis cube,1.389999,18.95153,0.944
637946263034318561,,,,0,,,looking at invis cube,1.389999,18.91511,0.944
637946263034508603,,,,0,,,looking at invis cube,1.389999,18.87638,0.944
637946263034698646,,,,0,,,looking at invis cube,1.389999,18.8378,0.944
637946263034888689,,,,0,,,looking at invis cube,1.389999,18.79993,0.944
637946263035078730,,,,0,,,looking at invis cube,1.389999,18.76196,0.944
637946263035258774,,,,0,,,looking at invis cube,1.389999,18.72374,0.944
637946263035438817,,,,0,,,looking at invis cube,1.389999,18.68771,0.944
637946263035628857,,,,0,,,looking at invis cube,1.389999,18.65207,0.944
637946263035828899,,,,0,,,looking at invis cube,1.389999,18.61176,0.944
637946263036018944,,,,0,,,looking at invis cube,1.389999,18.57146,0.944
637946263036218990,,,,0,,,looking at invis cube,1.389999,18.53213,0.944
637946263036409031,,,,0,,,looking at invis cube,1.389999,18.49606,0.944
637946263036599079,,,,0,,,looking at invis cube,1.389999,18.45879,0.944
637946263036799121,,,,0,,,looking at invis cube,1.389999,18.41759,0.944
637946263036999167,,,,0,,,looking at invis cube,1.389999,18.37731,0.944
637946263037199213,,,,0,,,looking at invis cube,1.389999,18.33773,0.944
637946263037389253,,,,0,,,looking at invis cube,1.389999,18.29854,0.944
637946263037529286,,,,0,,,Regular Neutral Cube(Clone) was picked up,1.389999,18.29854,0.944
637946263045393230,,,,0,,,looking at Drop Zone,15,7,10.41
637946263048894212,,,,0,,,Regular Neutral Cube(Clone)was placed in dropzone,15,7,10.41
637946263058823011,,,,0,,,looking at gold cube,1.389999,10.92263,-0.46
637946263059013053,,,,0,,,looking at gold cube,1.389999,10.88583,-0.46
637946263059193095,,,,0,,,looking at gold cube,1.389999,10.84995,-0.46
637946263059393139,,,,0,,,looking at gold cube,1.389999,10.81103,-0.46
637946263059611130,,,,0,,,looking at gold cube,1.389999,10.76703,-0.46
637946263059811179,,,,0,,,looking at gold cube,1.389999,10.72672,-0.46
637946263060001216,,,,0,,,looking at gold cube,1.389999,10.68712,-0.46
637946263060191265,,,,0,,,looking at gold cube,1.389999,10.65092,-0.46
637946263060381307,,,,0,,,looking at gold cube,1.389999,10.61286,-0.46
637946263060571353,,,,0,,,looking at gold cube,1.389999,10.57513,-0.46
637946263060761395,,,,0,,,looking at gold cube,1.389999,10.53677,-0.46
637946263060951447,,,,0,,,looking at gold cube,1.389999,10.49902,-0.46
637946263061131476,,,,0,,,looking at gold cube,1.389999,10.46196,-0.46
637946263061321524,,,,0,,,looking at gold cube,1.389999,10.42566,-0.46
637946263061511563,,,,0,,,looking at gold cube,1.389999,10.38558,-0.46
637946263062881874,,,,0,,,looking at gold cube,1.389999,19.29223,0.944
637946263063081917,,,,0,,,looking at gold cube,1.389999,19.25027,0.944
637946263063261949,,,,0,,,looking at gold cube,1.389999,19.21352,0.944
637946263063492007,,,,0,,,looking at gold cube,1.389999,19.16785,0.944
637946263063723006,,,,0,,,looking at gold cube,1.389999,19.12437,0.944
637946263063932111,,,,0,,,looking at gold cube,1.389999,19.08031,0.944
637946263064162157,,,,0,,,looking at gold cube,1.389999,19.03526,0.944
637946263064392212,,,,0,,,looking at gold cube,1.389999,18.99108,0.944
637946263064609935,,,,0,,,looking at gold cube,1.389999,18.94656,0.944
637946263064829989,,,,0,,,looking at gold cube,1.389999,18.90232,0.944
637946263065057388,,,,0,,,looking at gold cube,1.389999,18.85824,0.944
637946263065277437,,,,0,,,looking at gold cube,1.389999,18.81364,0.944
637946263065497488,,,,0,,,looking at gold cube,1.389999,18.76928,0.944
637946263092482458,,,,0,,,looking at invis cube,1.389999,19.48616,2.336
637946263092712506,,,,0,,,looking at invis cube,1.389999,19.44124,2.336
637946263092932553,,,,0,,,looking at invis cube,1.389999,19.39714,2.336
637946263093142605,,,,0,,,looking at invis cube,1.389999,19.35215,2.336
637946263093372656,,,,0,,,looking at invis cube,1.389999,19.30846,2.336
637946263093602708,,,,0,,,looking at invis cube,1.389999,19.26316,2.336
637946263093822758,,,,0,,,looking at invis cube,1.389999,19.21947,2.336
637946263094048372,,,,0,,,looking at invis cube,1.389999,19.17452,2.336
637946263094258418,,,,0,,,looking at invis cube,1.389999,19.13032,2.336
637946263094478467,,,,0,,,looking at invis cube,1.389999,19.08636,2.336
637946263094668509,,,,0,,,looking at invis cube,1.389999,19.04835,2.336
637946263094838548,,,,0,,,looking at invis cube,1.389999,19.01345,2.336
637946263095008586,,,,0,,,looking at invis cube,1.389999,18.97875,2.336
637946263095188626,,,,0,,,looking at invis cube,1.389999,18.9443,2.336
637946263095368669,,,,0,,,looking at invis cube,1.389999,18.90989,2.336
637946263095558711,,,,0,,,looking at invis cube,1.389999,18.87105,2.336
637946263095738750,,,,0,,,looking at invis cube,1.389999,18.83271,2.336
637946263095918790,,,,0,,,looking at invis cube,1.389999,18.79886,2.336
637946263096098830,,,,0,,,looking at invis cube,1.389999,18.76223,2.336
637946263096288875,,,,0,,,looking at invis cube,1.389999,18.72652,2.336
637946263096468914,,,,0,,,looking at invis cube,1.389999,18.68848,2.336
637946263096648957,,,,0,,,looking at invis cube,1.389999,18.65133,2.336
637946263096838997,,,,0,,,looking at invis cube,1.389999,18.61611,2.336
637946263097029041,,,,0,,,looking at invis cube,1.389999,18.57686,2.336
637946263097229084,,,,0,,,looking at invis cube,1.389999,18.53629,2.336
637946263097439134,,,,0,,,looking at invis cube,1.389999,18.49606,2.336
637946263097629176,,,,0,,,looking at invis cube,1.389999,18.45523,2.336
637946263097779210,,,,0,,,Regular Neutral Cube(Clone) was picked up,1.389999,18.45523,2.336
637946263112530459,,,,0,,,looking at Drop Zone,15,7,10.41
637946263112990561,,,,0,,,looking at Drop Zone,15,7,10.41
637946263114710948,,,,0,,,Regular Neutral Cube(Clone)was placed in dropzone,15,7,10.41
637946263121958028,,,,0,,,looking at invis cube,1.389999,16.62816,-0.46
637946263122148067,,,,0,,,looking at invis cube,1.389999,16.58977,-0.46
637946263123758433,,,,0,,,looking at invis cube,1.389999,16.26654,-0.46
637946263124948706,,,,0,,,looking at invis cube,1.389999,16.029,-0.46
637946263125498822,,,,0,,,looking at invis cube,1.389999,15.9189,-0.46
637946263125688865,,,,0,,,looking at invis cube,1.389999,15.87992,-0.46
637946263125888909,,,,0,,,looking at invis cube,1.389999,15.84124,-0.46
637946263126098954,,,,0,,,looking at invis cube,1.389999,15.80131,-0.46
637946263126289004,,,,0,,,looking at invis cube,1.389999,15.76045,-0.46
637946263126469043,,,,0,,,looking at invis cube,1.389999,15.72373,-0.46
637946263126669080,,,,0,,,looking at invis cube,1.389999,15.68645,-0.46
637946263126879132,,,,0,,,looking at invis cube,1.389999,15.64538,-0.46
637946263127069174,,,,0,,,looking at invis cube,1.389999,15.60568,-0.46
637946263127269220,,,,0,,,looking at invis cube,1.389999,15.56651,-0.46
637946263127479265,,,,0,,,looking at invis cube,1.389999,15.52382,-0.46
637946263127700321,,,,0,,,looking at invis cube,1.389999,15.47991,-0.46
637946263127929369,,,,0,,,looking at invis cube,1.389999,15.43517,-0.46
637946263128135012,,,,0,,,looking at invis cube,1.389999,15.39088,-0.46
637946263128355054,,,,0,,,looking at invis cube,1.389999,15.3463,-0.46
637946263128535101,,,,0,,,Regular Neutral Cube(Clone) was picked up,1.389999,15.3463,-0.46
637946263140122330,,,,0,,,Regular Neutral Cube(Clone)was placed in dropzone,15,7,10.41
637946263167584190,,,,0,,,Game Over,,,