TimeStamp,participant,Condition,Tiral,Age,Gender,SessionTime,Event, xPos, yPos, zPos, Group
638006699841656058,,,,,,300,Game Start,,,,,,,
638006702841637953,,,,,,,Game Over,,,,,,,
638006720086651846,,,,,,,Network Red Cube(Clone) was picked up,1.390015,10.15439,-1.813,,,,
638006720721451549,,,,,,,Network Neutral Cube(Clone) was picked up,1.390015,15.88464,-3.12,,,,
638006720736221874,,,,,,,Network Neutral Cube(Clone) was picked up,1.390015,20.64951,-3.12,,,,
638006720791641521,,,,,,,Network Gold Left Half(Clone)was placed in dropzone,11,7,10.41,,,,
638006720926251454,,,,,,,Network Gold Left Half(Clone)was placed in dropzone,12,7,10.41,,,,
638006721016871417,,,,,,,Network Gold Left Half(Clone)was placed in dropzone,12,7,10.41,,,,
638006721054301630,,,,,,,Network Neutral Cube(Clone) was picked up,1.390015,20.21644,-3.12,,,,
638006721093391677,,,,,,,Network Red Cube(Clone) was picked up,1.390015,17.68418,-3.12,,,,
638006721210121983,,,,,,,Network Gold Left Half(Clone)was placed in dropzone,11,7,10.41,,,,
638006721276641289,,,,,,,Network Gold Left Half(Clone)was placed in dropzone,11,7,10.41,,,,
638006724734246600,,,,,,300,Game Start,,,,,,,
638006726097052776,,,,,,,looking at red cube,1.808515,7.70919,-1.404527,,,,
638006726097182531,,,,,,,looking at red cube,1.808515,7.957913,-1.527204,,,,
638006726143482417,,,,,,,looking at red cube,1.808499,6.250293,-0.1284436,,,,
638006726156812655,,,,,,,looking at gold cube,1.901499,4.613559,2.411115,,,,
638006726156912388,,,,,,,looking at gold cube,1.901499,4.613837,2.411332,,,,
638006726157032378,,,,,,,looking at gold cube,1.901499,4.614915,2.411354,,,,
638006726157142390,,,,,,,looking at gold cube,1.901499,4.615664,2.411378,,,,
638006726157252384,,,,,,,looking at gold cube,1.901499,4.616134,2.41165,,,,
638006726157372377,,,,,,,looking at gold cube,1.901499,4.616767,2.411792,,,,
638006726157472645,,,,,,,looking at gold cube,1.901499,4.617214,2.412022,,,,
638006726157582384,,,,,,,looking at gold cube,1.901499,4.617544,2.412328,,,,
638006726157692379,,,,,,,looking at gold cube,1.901499,4.617845,2.412594,,,,
638006726157802653,,,,,,,looking at gold cube,1.901499,4.618035,2.412935,,,,
638006726157912687,,,,,,,looking at gold cube,1.901499,4.61843,2.412915,,,,
638006726158032384,,,,,,,looking at gold cube,1.901499,4.618606,2.413141,,,,
638006726158142682,,,,,,,looking at gold cube,1.901499,4.618804,2.413284,,,,
638006726158252381,,,,,,,looking at gold cube,1.901499,4.619269,2.41329,,,,
638006726158362377,,,,,,,looking at gold cube,1.901499,4.619536,2.413443,,,,
638006726158472381,,,,,,,looking at gold cube,1.901499,4.619996,2.413615,,,,
638006726158582384,,,,,,,looking at gold cube,1.901499,4.620504,2.413828,,,,
638006726158692381,,,,,,,looking at gold cube,1.901499,4.621138,2.414046,,,,
638006726158802375,,,,,,,looking at gold cube,1.901499,4.621881,2.414304,,,,
638006726158912372,,,,,,,looking at gold cube,1.901499,4.622489,2.414603,,,,
638006726159032650,,,,,,,looking at gold cube,1.901499,4.623288,2.414857,,,,
638006726159142375,,,,,,,looking at gold cube,1.901499,4.624467,2.414773,,,,
638006726159252633,,,,,,,looking at gold cube,1.901499,4.625405,2.414924,,,,
638006726159372722,,,,,,,looking at gold cube,1.901499,4.626435,2.415024,,,,
638006726159472375,,,,,,,looking at gold cube,1.901499,4.627517,2.415054,,,,
638006726159592646,,,,,,,looking at gold cube,1.901499,4.628502,2.415033,,,,
638006726159692637,,,,,,,looking at gold cube,1.901499,4.629779,2.414919,,,,
638006726159802377,,,,,,,looking at gold cube,1.901499,4.63119,2.414763,,,,
638006726159922385,,,,,,,looking at gold cube,1.901499,4.632629,2.414594,,,,
638006726160032372,,,,,,,looking at gold cube,1.901499,4.63415,2.414471,,,,
638006726160132596,,,,,,,looking at gold cube,1.901499,4.635762,2.414344,,,,
638006726160252371,,,,,,,looking at gold cube,1.805932,4.601799,2.438453,,,,
638006726160362623,,,,,,,looking at gold cube,1.801261,4.601799,2.439508,,,,
638006726160472635,,,,,,,looking at gold cube,1.619278,4.535203,2.485232,,,,
638006726160582382,,,,,,,looking at gold cube,1.525385,4.501755,2.508631,,,,
638006726160692628,,,,,,,looking at gold cube,1.52044,4.501755,2.509649,,,,
638006726160812380,,,,,,,looking at gold cube,1.334121,4.434949,2.555811,,,,
638006726160912368,,,,,,,looking at gold cube,1.3285,4.434949,2.55706,,,,
638006726161042374,,,,,,,looking at gold cube,1.143841,4.368465,2.602612,,,,
638006726161142372,,,,,,,looking at gold cube,1.136345,4.368465,2.603867,,,,
638006726161252368,,,,,,,looking at gold cube,0.9520769,4.301235,2.64974,,,,
638006726161362372,,,,,,,looking at gold cube,0.9464169,4.301235,2.650638,,,,
638006726189462299,,,,,,,looking at blue cube,1.296381,4.930149,1.8245,,,,
638006726190132303,,,,,,,looking at blue cube,1.276242,4.796302,1.8245,,,,
638006726192232292,,,,,,,looking at blue cube,1.901515,6.508987,-1.625692,,,,
638006726192682573,,,,,,,looking at red cube,1.808515,9.600965,-3.073334,,,,
638006726192802519,,,,,,,looking at red cube,1.808515,9.65399,-3.158662,,,,
638006726192902294,,,,,,,looking at red cube,1.808515,9.771898,-3.281422,,,,
638006726199802309,,,,,,,looking at red cube,1.808515,7.687449,-3.495264,,,,
638006726199892274,,,,,,,looking at red cube,1.808515,7.717522,-3.43275,,,,
638006726245722170,,,,,,,Network Gold Left Half(Clone)was placed in dropzone,12,7,10.41,,,,
638006726312072011,,,,,,,looking at gold cube,1.901515,7.088731,-1.775762,,,,
638006726356832188,,,,,,,looking at red cube,1.076385,6.541268,-2.7015,,,,
638006726356962200,,,,,,,looking at red cube,0.9768057,6.521934,-2.7015,,,,
638006726358051894,,,,,,,looking at red cube,1.484461,6.344305,-2.7015,,,,
638006726358271889,,,,,,,looking at red cube,1.808515,5.978161,-2.983643,,,,
638006726358822144,,,,,,,looking at red cube,1.808515,5.876291,-2.964618,,,,
638006726358941888,,,,,,,looking at red cube,1.808515,5.861589,-2.96944,,,,
638006726360821878,,,,,,,looking at red cube,1.183925,5.642072,-2.822319,,,,
638006726360932402,,,,,,,looking at red cube,1.141058,5.642072,-2.809598,,,,
638006726365151874,,,,,,,looking at red cube,1.141032,9.669141,-0.1196399,,,,
638006726365271867,,,,,,,looking at red cube,1.808499,9.8456,-0.4101865,,,,
638006726381491829,,,,,,,looking at red cube,1.808499,11.43033,1.330037,,,,
638006726381592068,,,,,,,looking at red cube,1.808499,10.87797,1.188369,,,,
638006726381701831,,,,,,,looking at red cube,1.808499,10.86274,1.302091,,,,
638006726381811825,,,,,,,looking at red cube,1.808499,11.0088,1.320204,,,,
638006726381921826,,,,,,,looking at red cube,1.808499,10.95273,1.307945,,,,
638006726382041831,,,,,,,looking at red cube,1.808499,10.96515,1.357463,,,,
638006726382261825,,,,,,,looking at red cube,1.187419,10.83833,0.5254999,,,,
638006726382372167,,,,,,,looking at red cube,1.808499,10.77925,0.6741424,,,,
638006726382481829,,,,,,,looking at red cube,1.808499,10.77029,0.8195111,,,,
638006726382591829,,,,,,,looking at red cube,1.808499,10.74192,0.5367898,,,,
638006726382701823,,,,,,,looking at red cube,1.66443,10.74353,0.5254999,,,,
638006726382811829,,,,,,,looking at red cube,1.269719,10.79884,0.5254999,,,,
638006726382921825,,,,,,,looking at red cube,1.30367,10.7914,0.5254999,,,,
638006726383041826,,,,,,,looking at red cube,1.395691,10.77015,0.5254999,,,,
638006726383141829,,,,,,,looking at red cube,1.808499,10.63039,0.531438,,,,
638006726383261825,,,,,,,looking at red cube,1.808499,10.59919,0.5670489,,,,
638006726383371824,,,,,,,looking at red cube,1.808499,10.56931,0.5875934,,,,
638006726383481819,,,,,,,looking at red cube,1.808499,10.54608,0.5923896,,,,
638006726383591825,,,,,,,looking at red cube,1.808499,10.49956,0.6178585,,,,
638006726383701823,,,,,,,looking at red cube,1.808499,10.49303,0.6899458,,,,
638006726383811832,,,,,,,looking at red cube,1.808499,10.44584,0.7642136,,,,
638006726383921834,,,,,,,looking at red cube,1.808499,10.36926,0.8980577,,,,
638006726384061826,,,,,,,looking at red cube,1.808499,10.32769,0.9228104,,,,
638006726384151822,,,,,,,looking at red cube,1.808499,10.30604,0.8550689,,,,
638006726384261818,,,,,,,looking at red cube,1.808499,10.31709,0.80215,,,,
638006726384371828,,,,,,,looking at red cube,1.808499,10.34778,0.619015,,,,
638006726384481821,,,,,,,looking at red cube,1.808499,10.30047,0.542499,,,,
638006726384591816,,,,,,,looking at red cube,1.652954,10.30349,0.5254999,,,,
638006726386371814,,,,,,,looking at red cube,1.285484,9.40307,0.922506,,,,
638006726386491818,,,,,,,looking at red cube,1.413369,9.40307,0.9360461,,,,
638006726386591819,,,,,,,looking at red cube,1.808499,9.374082,0.9130322,,,,
638006726386701815,,,,,,,looking at red cube,1.808499,9.36778,0.9110931,,,,
638006726386811820,,,,,,,looking at red cube,1.808499,9.348601,0.9014807,,,,
638006726386921823,,,,,,,looking at red cube,1.529649,9.269803,0.7699938,,,,
638006726387031818,,,,,,,looking at red cube,1.796218,9.203082,0.6003274,,,,
638006726387151816,,,,,,,looking at red cube,1.774691,9.203082,0.557603,,,,
638006726387261821,,,,,,,looking at red cube,1.808499,9.207105,0.5536919,,,,
638006726387381819,,,,,,,looking at red cube,1.808499,9.202204,0.6293297,,,,
638006726387481810,,,,,,,looking at red cube,1.808499,9.233128,0.7032834,,,,
638006726387591814,,,,,,,looking at red cube,1.808499,9.239886,0.7651055,,,,
638006726387711818,,,,,,,looking at red cube,1.808499,9.235176,0.8149657,,,,
638006726387811811,,,,,,,looking at red cube,1.808499,9.238801,0.8962013,,,,
638006726387921821,,,,,,,looking at red cube,1.808499,9.24039,0.9173646,,,,
638006726388031814,,,,,,,looking at red cube,1.808499,9.257963,0.9559098,,,,
638006726388151809,,,,,,,looking at red cube,1.808499,9.227379,1.098319,,,,
638006726388261811,,,,,,,looking at red cube,1.808499,9.099968,0.9681662,,,,
638006726388381819,,,,,,,looking at red cube,1.808499,9.086089,0.7391086,,,,
638006726388481813,,,,,,,looking at red cube,1.808499,9.095176,0.5861315,,,,
638006726388591811,,,,,,,looking at red cube,1.808499,9.086357,0.5618213,,,,
638006726388701809,,,,,,,looking at red cube,1.808499,9.099547,0.5636497,,,,
638006726388811816,,,,,,,looking at red cube,1.808499,9.078155,0.6098835,,,,
638006726388921818,,,,,,,looking at red cube,1.808499,9.052436,0.74572,,,,
638006726389031811,,,,,,,looking at red cube,1.808499,9.017393,0.8817086,,,,
638006726389141810,,,,,,,looking at red cube,1.808499,9.015749,0.8311319,,,,
638006726389261811,,,,,,,looking at red cube,1.808499,8.953444,0.8355868,,,,
638006726389371806,,,,,,,looking at red cube,1.808499,8.985761,0.8052367,,,,
638006726389491815,,,,,,,looking at red cube,1.808499,8.992211,0.6988202,,,,
638006726389591810,,,,,,,looking at red cube,1.808499,9.014827,0.6403065,,,,
638006726389701806,,,,,,,looking at red cube,1.808499,9.079127,0.6351164,,,,
638006726389831814,,,,,,,looking at red cube,1.808499,9.014938,0.6842299,,,,
638006726389881811,,,,,,,Network Red Cube(Clone) was picked up,1.389999,8.755322,0.944,,,,
638006726440681686,,,,,,,looking at blue cube,1.166356,9.161283,-1.3015,,,,
638006726440791686,,,,,,,looking at blue cube,1.901515,9.100422,-1.398073,,,,
638006726440901921,,,,,,,looking at blue cube,1.901515,9.083838,-1.450106,,,,
638006726441011687,,,,,,,looking at blue cube,1.901515,9.08637,-1.40285,,,,
638006726441121694,,,,,,,looking at blue cube,1.248809,9.165518,-1.3015,,,,
638006726441341677,,,,,,,looking at blue cube,1.113173,9.184637,-1.3015,,,,
638006726453781659,,,,,,,looking at gold cube,1.704307,10.54227,-0.9134487,,,,
638006726453891650,,,,,,,looking at gold cube,1.895898,10.54227,-0.8447972,,,,
638006726454021656,,,,,,,looking at gold cube,1.666253,10.47562,-0.8591757,,,,
638006726454121658,,,,,,,looking at gold cube,1.901499,10.57038,-0.8465745,,,,
638006726454241657,,,,,,,looking at gold cube,1.901499,10.53067,-0.8674328,,,,
638006726456001645,,,,,,,looking at gold cube,1.901499,10.3484,-0.9687358,,,,
638006726456111649,,,,,,,looking at gold cube,1.901499,10.38045,-0.9383496,,,,
638006726456221652,,,,,,,looking at gold cube,1.901499,10.37384,-0.9490023,,,,
638006726464671619,,,,,,,looking at invis cube,1.358088,10.34236,-0.7268614,,,,
638006726464781619,,,,,,,looking at invis cube,1.494096,10.30898,-0.6828424,,,,
638006726465011625,,,,,,,looking at invis cube,1.385187,10.24243,-0.6845535,,,,
638006726465111626,,,,,,,looking at invis cube,1.00564,10.24243,-0.8937704,,,,
638006726465221626,,,,,,,looking at invis cube,1.379462,10.17573,-0.8412944,,,,
638006726465331626,,,,,,,looking at invis cube,1.200542,10.17573,-0.7995188,,,,
638006726465441622,,,,,,,looking at invis cube,1.901499,10.16901,-0.7376153,,,,
638006726465551620,,,,,,,looking at invis cube,1.901499,10.2994,-0.7473323,,,,
638006726465681622,,,,,,,looking at invis cube,1.901499,10.2936,-0.7240183,,,,
638006726465781626,,,,,,,looking at invis cube,1.901499,10.28197,-0.7194117,,,,
638006726465901619,,,,,,,looking at invis cube,1.901499,10.26737,-0.6903093,,,,
638006726466001628,,,,,,,looking at invis cube,1.901499,10.27205,-0.6922386,,,,
638006726466111623,,,,,,,looking at invis cube,1.901499,10.22562,-0.7440904,,,,
638006726466221621,,,,,,,looking at invis cube,1.901499,10.11612,-0.9319082,,,,
638006726466331619,,,,,,,looking at invis cube,1.901499,10.11496,-0.9604307,,,,
638006726466441621,,,,,,,looking at invis cube,1.901499,10.12917,-0.9656723,,,,
638006726466551620,,,,,,,looking at invis cube,1.901499,10.15797,-0.9619697,,,,
638006726466781622,,,,,,,looking at invis cube,1.901499,10.12932,-0.9615935,,,,
638006726466891619,,,,,,,looking at invis cube,1.901499,10.22722,-0.7943054,,,,
638006726467001620,,,,,,,looking at invis cube,1.901499,10.05444,-0.7516685,,,,
638006726467111617,,,,,,,looking at invis cube,1.901499,10.09004,-0.7365491,,,,
638006726467221627,,,,,,,looking at invis cube,1.901499,10.17913,-0.7509177,,,,
638006726467331619,,,,,,,looking at invis cube,1.901499,10.1858,-0.7504395,,,,
638006726467441621,,,,,,,looking at invis cube,1.901499,10.18322,-0.7381897,,,,
638006726467551617,,,,,,,looking at invis cube,1.901499,10.17481,-0.7294314,,,,
638006726467661622,,,,,,,looking at invis cube,1.901499,10.18217,-0.7307048,,,,
638006726467781612,,,,,,,looking at invis cube,1.901499,10.1788,-0.738394,,,,
638006726467891612,,,,,,,looking at invis cube,1.901499,10.16605,-0.7585851,,,,
638006726468001620,,,,,,,looking at invis cube,1.901499,10.12681,-0.8444772,,,,
638006726475331603,,,,,,,looking at red cube,1.808499,10.57834,-0.855865,,,,
638006726515421505,,,,,,,looking at blue cube,0.9319925,10.44271,-0.6149617,,,,
638006726515531507,,,,,,,looking at blue cube,0.9007626,10.44271,-0.6138555,,,,
638006726515641506,,,,,,,looking at blue cube,1.219704,10.37607,-0.6125436,,,,
638006726515751503,,,,,,,looking at blue cube,1.161756,10.37607,-0.6352471,,,,
638006726515871501,,,,,,,looking at blue cube,1.529885,10.30935,-0.6196926,,,,
638006726515991499,,,,,,,looking at blue cube,1.740929,10.27606,-0.6099456,,,,
638006726516081505,,,,,,,looking at blue cube,1.487037,10.27606,-0.6098313,,,,
638006726516201493,,,,,,,looking at blue cube,1.712184,10.20937,-0.6329565,,,,
638006726516311505,,,,,,,looking at blue cube,1.901499,10.29129,-0.4800014,,,,
638006726516421496,,,,,,,looking at blue cube,1.901499,10.33305,-0.3681516,,,,
638006726516531502,,,,,,,looking at blue cube,1.901499,10.3259,-0.3369144,,,,
638006726516641500,,,,,,,looking at blue cube,1.901499,10.322,-0.3330998,,,,
638006726516751499,,,,,,,looking at blue cube,1.901499,10.3126,-0.3311074,,,,
638006726516861501,,,,,,,looking at blue cube,1.901499,10.28074,-0.3558075,,,,
638006726516971499,,,,,,,looking at blue cube,1.901499,10.20212,-0.4596387,,,,
638006726517081497,,,,,,,looking at blue cube,1.901499,10.1251,-0.625495,,,,
638006726517211495,,,,,,,looking at blue cube,1.901499,10.12898,-0.6212077,,,,
638006726517311497,,,,,,,looking at blue cube,1.901499,10.12226,-0.6213362,,,,
638006726517421500,,,,,,,looking at blue cube,1.901499,10.11889,-0.6182562,,,,
638006726517541500,,,,,,,looking at blue cube,1.901499,10.10566,-0.6301575,,,,
638006726517641499,,,,,,,looking at blue cube,1.901499,10.10748,-0.6327125,,,,
638006726517751497,,,,,,,looking at blue cube,1.901499,10.10047,-0.6375796,,,,
638006726517861498,,,,,,,looking at blue cube,1.901499,10.09811,-0.6352134,,,,
638006726517981736,,,,,,,looking at blue cube,1.901499,10.09711,-0.6220417,,,,
638006726518091772,,,,,,,looking at blue cube,1.901499,10.11729,-0.5592626,,,,
638006726518201744,,,,,,,looking at blue cube,1.901499,10.13527,-0.5167224,,,,
638006726518321767,,,,,,,looking at blue cube,1.901499,10.13631,-0.4876408,,,,
638006726518431834,,,,,,,looking at blue cube,1.901499,10.13908,-0.4582726,,,,
638006726518541824,,,,,,,looking at blue cube,1.901499,10.13591,-0.4604499,,,,
638006726518651773,,,,,,,looking at blue cube,1.901499,10.103,-0.4802334,,,,
638006726518751497,,,,,,,looking at blue cube,1.901499,10.06893,-0.5166212,,,,
638006726518861486,,,,,,,looking at blue cube,1.901499,10.03793,-0.5284402,,,,
638006726518971492,,,,,,,looking at blue cube,1.901499,10.03972,-0.5414234,,,,
638006726519081490,,,,,,,looking at blue cube,1.901499,10.02529,-0.5615324,,,,
638006726519201491,,,,,,,looking at blue cube,1.901499,9.985298,-0.5992372,,,,
638006726519311490,,,,,,,looking at blue cube,1.901499,9.978855,-0.6147325,,,,
638006726519421503,,,,,,,looking at blue cube,1.901499,9.957619,-0.6170838,,,,
638006726519531492,,,,,,,looking at blue cube,1.901499,9.966024,-0.5959632,,,,
638006726519641489,,,,,,,looking at blue cube,1.901499,9.980725,-0.5748032,,,,
638006726519761486,,,,,,,looking at blue cube,1.901499,9.92839,-0.5363641,,,,
638006726519861489,,,,,,,looking at blue cube,1.901499,9.896893,-0.4872789,,,,
638006726519971489,,,,,,,looking at blue cube,1.901499,9.919058,-0.4568442,,,,
638006726520091488,,,,,,,looking at blue cube,1.901499,9.935626,-0.4219815,,,,
638006726520201492,,,,,,,looking at blue cube,1.901499,9.973801,-0.2783387,,,,
638006726520311487,,,,,,,looking at blue cube,1.901499,9.971108,-0.2735783,,,,
638006726520421495,,,,,,,looking at blue cube,1.901499,9.955444,-0.2772025,,,,
638006726520531484,,,,,,,looking at blue cube,1.901499,9.935381,-0.291938,,,,
638006726520861487,,,,,,,looking at blue cube,1.901499,9.799083,-0.5667185,,,,
638006726520971489,,,,,,,looking at blue cube,1.901499,9.798204,-0.5536034,,,,
638006726521081485,,,,,,,looking at blue cube,1.901499,9.772318,-0.5544642,,,,
638006726526481470,,,,,,,Network Red Cube(Clone) was picked up,1.389999,10.68748,2.336,,,,
638006726531411459,,,,,,,looking at Drop Zone,-7.68,6.97261,-11.05776,,,,
638006726570471371,,,,,,,Network Red Cube(Clone) was picked up,1.390015,12.81974,-3.12,,,,
638006726577281354,,,,,,,looking at Drop Zone,11.89633,7.25,10.51581,,,,
638006726577501350,,,,,,,looking at Drop Zone,12.97705,7.06184,10.16,,,,
638006726577621346,,,,,,,looking at Drop Zone,13.01636,7.027108,10.16,,,,
638006726577721343,,,,,,,looking at Drop Zone,13.06518,6.927569,10.16,,,,
638006726577851344,,,,,,,looking at Drop Zone,12.98649,6.86709,10.16,,,,
638006726577941346,,,,,,,looking at Drop Zone,12.93433,6.851455,10.16,,,,
638006726602831290,,,,,,,looking at blue cube,1.901515,12.34713,-2.117888,,,,
638006726602941586,,,,,,,looking at blue cube,1.12243,11.80832,-1.305749,,,,
638006726603941286,,,,,,,looking at blue cube,1.498527,11.50799,-1.974277,,,,
638006726604051287,,,,,,,looking at blue cube,1.768125,11.44187,-1.918617,,,,
638006726604171288,,,,,,,looking at blue cube,1.733794,11.44187,-1.912118,,,,
638006726604271570,,,,,,,looking at blue cube,1.901515,11.39188,-1.882719,,,,
638006726604381284,,,,,,,looking at blue cube,1.901515,11.40543,-1.888323,,,,
638006726604491283,,,,,,,looking at blue cube,1.435949,11.34169,-1.863701,,,,
638006726609601273,,,,,,,looking at gold cube,0.9306574,18.97141,0.8948282,,,,
638006726609711266,,,,,,,looking at gold cube,1.200594,18.97141,0.8730446,,,,
638006726609831274,,,,,,,looking at gold cube,1.091818,18.90455,0.8279023,,,,
638006726609931262,,,,,,,looking at gold cube,1.266081,18.90455,0.7952632,,,,
638006726610041271,,,,,,,looking at gold cube,1.211102,18.83836,0.7651299,,,,
638006726610151271,,,,,,,looking at gold cube,1.286589,18.83836,0.8517957,,,,
638006726610271266,,,,,,,looking at gold cube,1.196063,18.77174,0.7244275,,,,
638006726610391273,,,,,,,looking at gold cube,1.184207,18.7381,0.6794343,,,,
638006726610491269,,,,,,,looking at gold cube,1.261085,18.7381,0.7477568,,,,
638006726610611267,,,,,,,looking at gold cube,1.343922,18.67109,0.7993866,,,,
638006726610711273,,,,,,,looking at gold cube,1.332029,18.67109,0.8380604,,,,
638006726610821281,,,,,,,looking at gold cube,1.101871,18.60465,0.8637865,,,,
638006726610931271,,,,,,,looking at gold cube,1.027049,18.60465,0.8762126,,,,
638006726611041264,,,,,,,looking at gold cube,1.270444,18.53856,0.9120303,,,,
638006726611151552,,,,,,,looking at gold cube,1.407994,18.53856,0.953715,,,,
638006726611271271,,,,,,,looking at gold cube,1.428374,18.47176,0.9185135,,,,
638006726611381270,,,,,,,looking at gold cube,1.525601,18.43795,0.9730555,,,,
638006726611491261,,,,,,,looking at gold cube,1.545813,18.43795,0.8854992,,,,
638006726611601266,,,,,,,looking at gold cube,1.557834,18.37199,0.9910053,,,,
638006726611711263,,,,,,,looking at gold cube,1.551648,18.37199,0.9142728,,,,
638006726611831258,,,,,,,looking at gold cube,1.618131,18.30459,0.8328475,,,,
638006726611931267,,,,,,,looking at gold cube,1.637565,18.30459,0.9158354,,,,
638006726612041259,,,,,,,looking at gold cube,1.821218,18.23864,0.9532962,,,,
638006726612151537,,,,,,,looking at gold cube,1.795926,18.23864,0.9852911,,,,
638006726612271255,,,,,,,looking at gold cube,1.777923,18.17208,1.004523,,,,
638006726621891244,,,,,,,Network Neutral Cube(Clone) was picked up,1.389999,18.85043,-0.46,,,,
638006726628701223,,,,,,,looking at Drop Zone,13.09591,7.235952,10.16,,,,
638006726629701221,,,,,,,looking at Drop Zone,12.94669,6.889254,10.16,,,,
638006726629811220,,,,,,,looking at Drop Zone,13.00481,6.963073,10.16,,,,
638006726629921481,,,,,,,looking at Drop Zone,12.87415,6.847806,10.16,,,,
638006726630481478,,,,,,,looking at Drop Zone,11.7775,6.756781,10.16,,,,
638006726643031193,,,,,,,looking at invis cube,0.9255037,15.07387,0.9394233,,,,
638006726645151185,,,,,,,looking at invis cube,1.672245,14.47636,0.4325,,,,
638006726648211169,,,,,,,Network Neutral Cube(Clone) was picked up,1.389999,17.08454,-0.46,,,,
638006726654251154,,,,,,,looking at gold cube,1.223512,17.83916,0.4853145,,,,
638006726654371158,,,,,,,looking at gold cube,0.9126225,18.38762,0.4325,,,,
638006726659651146,,,,,,,Network Neutral Cube(Clone) was picked up,1.389999,19.78309,-0.46,,,,
638006726667791477,,,,,,,looking at Drop Zone,11.87502,7.25,10.54809,,,,
638006726668571456,,,,,,,looking at Drop Zone,12.16642,7.25,10.17548,,,,
638006726668901439,,,,,,,looking at Drop Zone,11.86628,6.777767,10.16,,,,
638006726696451057,,,,,,,looking at Drop Zone,11.22497,6.912252,10.16,,,,
638006726704511035,,,,,,,Network Neutral Cube(Clone) was picked up,1.390015,15.51852,-1.813,,,,
638006726712881020,,,,,,,looking at Drop Zone,13.15141,7.029321,10.16,,,,
638006726713001017,,,,,,,looking at Drop Zone,13.19907,7.224619,10.16,,,,
638006726713111020,,,,,,,looking at Drop Zone,12.96841,7.25,10.21845,,,,
638006726713341015,,,,,,,looking at Drop Zone,12.7666,7.056588,10.16,,,,
638006726713441012,,,,,,,looking at Drop Zone,12.90785,6.946777,10.16,,,,
638006726713551012,,,,,,,looking at Drop Zone,12.823,7.008945,10.16,,,,
638006726713661016,,,,,,,looking at Drop Zone,12.85086,7.25,10.36204,,,,
638006726713781018,,,,,,,looking at Drop Zone,12.7593,7.160505,10.16,,,,
638006726713881018,,,,,,,looking at Drop Zone,12.80362,7.199977,10.16,,,,
638006726714001288,,,,,,,looking at Drop Zone,12.75,7.143273,10.4345,,,,
638006726715111011,,,,,,,looking at Drop Zone,12.09747,7.093529,10.16,,,,
638006726715221017,,,,,,,looking at Drop Zone,12.04379,6.999692,10.16,,,,
638006726715331011,,,,,,,looking at Drop Zone,11.9043,6.956025,10.16,,,,
638006726732000966,,,,,,,looking at Drop Zone,10.96802,7.25,10.29679,,,,
638006726735220959,,,,,,,looking at invis cube,1.901515,15.23508,-1.44228,,,,
638006726735320968,,,,,,,looking at invis cube,1.901515,15.13483,-1.78283,,,,
638006726735431396,,,,,,,looking at invis cube,1.901515,15.16168,-1.667541,,,,
638006726735540954,,,,,,,looking at invis cube,1.75713,14.94018,-1.889217,,,,
638006726735650962,,,,,,,looking at invis cube,1.290127,14.87343,-1.8847,,,,
638006726735770956,,,,,,,looking at invis cube,1.311064,14.8401,-1.938752,,,,
638006726735871414,,,,,,,looking at invis cube,1.3656,14.8401,-1.689574,,,,
638006726736000961,,,,,,,looking at invis cube,1.575454,14.77353,-1.556246,,,,
638006726736100956,,,,,,,looking at invis cube,1.820115,14.77353,-1.474325,,,,
638006726736220962,,,,,,,looking at invis cube,1.362914,14.70699,-1.505553,,,,
638006726736320952,,,,,,,looking at invis cube,1.422039,14.70699,-1.4163,,,,
638006726736430956,,,,,,,looking at invis cube,1.445888,14.64026,-1.470014,,,,
638006726736540953,,,,,,,looking at invis cube,1.479886,14.73023,-1.3015,,,,
638006726736650951,,,,,,,looking at invis cube,1.6495,14.57371,-1.401051,,,,
638006726736770959,,,,,,,looking at invis cube,1.700835,14.54035,-1.347493,,,,
638006726736870957,,,,,,,looking at invis cube,1.828974,14.54035,-1.317862,,,,
638006726736990954,,,,,,,looking at invis cube,1.154913,14.89664,-1.3015,,,,
638006726737100957,,,,,,,looking at invis cube,1.77334,14.56528,-1.3015,,,,
638006726737210960,,,,,,,looking at invis cube,1.813291,14.56544,-1.3015,,,,
638006726737320948,,,,,,,looking at invis cube,1.541226,14.41583,-1.3015,,,,
638006726737430953,,,,,,,looking at invis cube,1.503967,14.4711,-1.3015,,,,
638006726737540953,,,,,,,looking at invis cube,1.334841,14.40115,-1.3015,,,,
638006726737650951,,,,,,,looking at invis cube,1.64593,14.27382,-1.343628,,,,
638006726738430950,,,,,,,looking at invis cube,0.9994078,14.50655,-1.3015,,,,
638006726739050952,,,,,,,Network Neutral Cube(Clone) was picked up,1.390015,14.35222,-1.813,,,,
638006726746310935,,,,,,,looking at Drop Zone,11.12644,7.155706,10.16,,,,
638006726746440935,,,,,,,looking at Drop Zone,11.25,6.975838,10.61461,,,,
638006726746760936,,,,,,,looking at Drop Zone,11.96947,7.092287,10.16,,,,
638006726746880930,,,,,,,looking at Drop Zone,11.85394,6.894228,10.16,,,,
638006726746980937,,,,,,,looking at Drop Zone,11.89376,7.05082,10.16,,,,
638006726747090935,,,,,,,looking at Drop Zone,11.79702,7.026838,10.16,,,,
638006726747760935,,,,,,,looking at Drop Zone,10.94681,7.089658,10.16,,,,
638006726747980934,,,,,,,looking at Drop Zone,11.23787,6.79284,10.16,,,,
638006726748090933,,,,,,,looking at Drop Zone,11.22188,6.785571,10.16,,,,
638006726748420935,,,,,,,looking at Drop Zone,11.23834,6.778526,10.16,,,,
638006726748530930,,,,,,,looking at Drop Zone,11.24333,6.780864,10.16,,,,
638006726752610917,,,,,,,Network Neutral Cube(Clone)was placed in dropzone,11,7,10.41,,,,
638006726762531231,,,,,,,looking at Drop Zone,-11.68,7.22914,-11.14918,,,,
638006726811061020,,,,,,,looking at invis cube,1.901515,7.648031,-2.249209,,,,
638006726811180776,,,,,,,looking at invis cube,1.901515,7.679625,-2.13774,,,,
638006726811280771,,,,,,,looking at invis cube,1.901515,7.638788,-2.145667,,,,
638006726811400775,,,,,,,looking at invis cube,1.901515,7.678214,-2.095154,,,,
638006726811510777,,,,,,,looking at invis cube,1.901515,7.707171,-2.087124,,,,
638006726811620771,,,,,,,looking at invis cube,1.901515,7.621722,-2.101076,,,,
638006726811740771,,,,,,,looking at invis cube,1.901515,7.571553,-2.130374,,,,
638006726811841049,,,,,,,looking at invis cube,1.901515,7.598803,-2.068401,,,,
638006726811951021,,,,,,,looking at invis cube,1.901515,7.736426,-2.130895,,,,
638006726812061096,,,,,,,looking at invis cube,1.901515,7.763752,-2.027535,,,,
638006726812170777,,,,,,,looking at invis cube,1.901515,7.790845,-2.039181,,,,
638006726812280768,,,,,,,looking at invis cube,1.901515,7.667093,-2.034882,,,,
638006726813510777,,,,,,,looking at invis cube,1.901515,7.809092,-1.818815,,,,
638006726817961017,,,,,,,looking at gold cube,1.901499,9.247748,-0.9462044,,,,
638006726818060757,,,,,,,looking at gold cube,1.901499,9.4842,-0.9356059,,,,
638006726818180759,,,,,,,looking at gold cube,1.901499,9.502625,-0.8737939,,,,
638006726818281134,,,,,,,looking at gold cube,1.901499,9.502455,-0.8774105,,,,
638006726823061041,,,,,,,looking at blue cube,1.78093,10.1097,-1.748877,,,,
638006726824941477,,,,,,,looking at blue cube,1.901515,10.00089,-2.080781,,,,
638006726825280740,,,,,,,looking at blue cube,1.901515,10.18156,-2.227078,,,,
638006726847890685,,,,,,,Network Neutral Cube(Clone) was picked up,1.389999,15.41857,0.944,,,,
638006726861160658,,,,,,,looking at Drop Zone,12.77629,7.021574,10.16,,,,
638006726866550638,,,,,,,Network Neutral Cube(Clone)was placed in dropzone,12,7,10.41,,,,
638006726886320587,,,,,,,Network Red Cube(Clone) was picked up,1.389999,16.15183,-0.46,,,,
638006726897590897,,,,,,,looking at Drop Zone,12.96825,7.223928,10.16,,,,
638006726897690841,,,,,,,looking at Drop Zone,12.86284,7.006458,10.16,,,,
638006726897800562,,,,,,,looking at Drop Zone,12.97656,6.983973,10.16,,,,
638006726897910562,,,,,,,looking at Drop Zone,13.16338,6.965888,10.16,,,,
638006726898020569,,,,,,,looking at Drop Zone,13.09278,7.005275,10.16,,,,
638006726898130565,,,,,,,looking at Drop Zone,12.76743,6.941122,10.16,,,,
638006726898810556,,,,,,,looking at Drop Zone,11.90063,6.826938,10.16,,,,
638006726915350520,,,,,,,looking at Drop Zone,10.77862,6.792505,10.16,,,,
638006726919130506,,,,,,,looking at invis cube,1.901515,12.67921,-1.86175,,,,
638006726924340500,,,,,,,looking at invis cube,1.901515,11.06182,-1.440073,,,,
638006726925340495,,,,,,,looking at invis cube,1.901515,10.34699,-1.777115,,,,
638006726925460493,,,,,,,looking at invis cube,1.901515,10.26806,-1.834236,,,,
638006726925570496,,,,,,,looking at invis cube,1.901515,10.19696,-1.808714,,,,
638006726925690501,,,,,,,looking at invis cube,1.901515,10.23046,-1.860303,,,,
638006726925800497,,,,,,,looking at invis cube,1.901515,10.20687,-1.806321,,,,
638006726925900494,,,,,,,looking at invis cube,1.901515,10.2442,-1.817903,,,,
638006726926020772,,,,,,,looking at invis cube,1.901515,10.29372,-1.798389,,,,
638006726926130490,,,,,,,looking at invis cube,1.901515,10.27395,-1.864128,,,,
638006726926230490,,,,,,,looking at invis cube,1.901515,10.34935,-1.685279,,,,
638006726926340487,,,,,,,looking at invis cube,1.901515,10.26129,-1.825415,,,,
638006726926460490,,,,,,,looking at invis cube,1.901515,10.21424,-1.865277,,,,
638006726926570484,,,,,,,looking at invis cube,1.901515,10.23361,-1.93111,,,,
638006726926790488,,,,,,,looking at invis cube,1.901515,9.726271,-1.778041,,,,
638006726926900484,,,,,,,looking at invis cube,1.901515,9.705449,-1.728739,,,,
638006726927010486,,,,,,,looking at invis cube,1.901515,9.874937,-1.671981,,,,
638006726927120488,,,,,,,looking at invis cube,1.901515,9.868698,-1.682755,,,,
638006726927250482,,,,,,,looking at invis cube,1.901515,9.854378,-1.711574,,,,
638006726927340488,,,,,,,looking at invis cube,1.901515,9.85112,-1.712554,,,,
638006726927460484,,,,,,,looking at invis cube,1.901515,9.743926,-1.764827,,,,
638006726927570486,,,,,,,looking at invis cube,1.901515,9.628218,-1.829579,,,,
638006726927680490,,,,,,,looking at invis cube,1.901515,9.592793,-2.271103,,,,
638006726927790486,,,,,,,looking at invis cube,1.901515,9.653305,-2.181174,,,,
638006726927900488,,,,,,,looking at invis cube,1.901515,9.674183,-2.149105,,,,
638006726928010485,,,,,,,looking at invis cube,1.901515,9.665937,-1.990004,,,,
638006726928120489,,,,,,,looking at invis cube,1.901515,9.702049,-1.898814,,,,
638006726928230482,,,,,,,looking at invis cube,1.901515,9.717933,-1.802006,,,,
638006726928340483,,,,,,,looking at invis cube,1.901515,9.672844,-1.796702,,,,
638006726928460481,,,,,,,looking at invis cube,1.901515,9.658758,-1.892563,,,,
638006726928570484,,,,,,,looking at invis cube,1.901515,9.567997,-2.061086,,,,
638006726928680483,,,,,,,looking at invis cube,1.901515,9.546693,-2.054535,,,,
638006726928790478,,,,,,,looking at invis cube,1.901515,9.584023,-2.072172,,,,
638006726928900482,,,,,,,looking at invis cube,1.901515,9.555341,-2.141423,,,,
638006726929010488,,,,,,,looking at invis cube,1.901515,9.544993,-2.081706,,,,
638006726929120481,,,,,,,looking at invis cube,1.901515,9.565409,-2.083277,,,,
638006726929230481,,,,,,,looking at invis cube,1.901515,9.536127,-2.099388,,,,
638006726929340483,,,,,,,looking at invis cube,1.901515,9.549995,-2.121105,,,,
638006726929450482,,,,,,,looking at invis cube,1.901515,9.521157,-2.243627,,,,
638006726932790483,,,,,,,looking at gold cube,1.633172,10.90891,-1.851245,,,,
638006726932900756,,,,,,,looking at gold cube,1.281972,10.90891,-1.917563,,,,
638006726933020490,,,,,,,looking at gold cube,1.901515,10.91921,-1.917499,,,,
638006726933120482,,,,,,,looking at gold cube,1.901515,10.8862,-1.833257,,,,
638006726933230470,,,,,,,looking at gold cube,1.901515,10.8934,-1.847504,,,,
638006726933340469,,,,,,,looking at gold cube,1.901515,11.02221,-1.903978,,,,
638006726933460477,,,,,,,looking at gold cube,1.901515,10.9616,-1.922145,,,,
638006726933570468,,,,,,,looking at gold cube,1.901515,11.00919,-1.873847,,,,
638006726933670468,,,,,,,looking at gold cube,1.901515,11.02579,-2.030028,,,,
638006726933790471,,,,,,,looking at gold cube,1.901515,11.03539,-2.0036,,,,
638006726933900472,,,,,,,looking at gold cube,1.901515,11.0602,-1.973367,,,,
638006726934010469,,,,,,,looking at gold cube,1.901515,11.09892,-1.950562,,,,
638006726934130469,,,,,,,looking at gold cube,1.901515,11.14224,-1.932195,,,,
638006726934230469,,,,,,,looking at gold cube,1.901515,11.16639,-1.911323,,,,
638006726934340467,,,,,,,looking at gold cube,1.901515,11.19699,-1.890084,,,,
638006726934450471,,,,,,,looking at gold cube,1.901515,11.22507,-1.866904,,,,
638006726934560469,,,,,,,looking at gold cube,1.901515,11.21094,-1.85908,,,,
638006726934670472,,,,,,,looking at gold cube,1.901515,11.249,-1.851881,,,,
638006726934800470,,,,,,,looking at gold cube,1.901515,11.27916,-1.835962,,,,
638006726934900464,,,,,,,looking at gold cube,1.901515,11.31952,-1.815297,,,,
638006726975280369,,,,,,,Network Red Cube(Clone) was picked up,1.389999,10.92049,-0.46,,,,
638006726984760343,,,,,,,looking at red cube,1.033689,10.73538,0.6921781,,,,
638006726984880600,,,,,,,looking at red cube,1.099741,10.73538,0.6839075,,,,
638006726984980348,,,,,,,looking at red cube,1.422725,10.66803,0.6227913,,,,
638006726985090343,,,,,,,looking at red cube,1.235228,10.66803,0.5793801,,,,
638006726985210350,,,,,,,looking at red cube,1.523503,10.60213,0.576992,,,,
638006726985330350,,,,,,,looking at red cube,1.50863,10.60213,0.5571471,,,,
638006726985450344,,,,,,,looking at red cube,1.2533,10.53557,1.245976,,,,
638006727001880314,,,,,,,looking at red cube,1.808499,12.45109,1.326517,,,,
638006727002420298,,,,,,,looking at red cube,1.808499,12.31423,1.223029,,,,
638006727002530579,,,,,,,looking at red cube,1.808499,12.33674,1.116362,,,,
638006727002640305,,,,,,,looking at red cube,1.808499,12.26701,1.026994,,,,
638006727002750579,,,,,,,looking at red cube,1.808499,12.12347,1.242434,,,,
638006727004090307,,,,,,,looking at red cube,1.808499,11.33814,0.7074969,,,,
638006727004200564,,,,,,,looking at red cube,1.808499,11.16976,0.7034531,,,,
638006727004310300,,,,,,,looking at red cube,1.262568,11.03546,0.5337102,,,,
638006727004420308,,,,,,,looking at red cube,1.745032,10.96881,0.6972687,,,,
638006727004530294,,,,,,,looking at red cube,1.808499,10.97201,0.796381,,,,
638006727004640295,,,,,,,looking at red cube,1.808499,10.90226,0.8194703,,,,
638006727004750296,,,,,,,looking at red cube,1.76815,10.90207,0.751514,,,,
638006727004890293,,,,,,,looking at red cube,1.808499,10.94156,0.5937458,,,,
638006727004980556,,,,,,,looking at red cube,1.808499,10.88314,0.7023982,,,,
638006727005090291,,,,,,,looking at red cube,1.808499,10.82454,0.8348453,,,,
638006727005210537,,,,,,,looking at red cube,1.808499,10.82339,0.777336,,,,
638006727005310294,,,,,,,looking at red cube,1.808499,10.78586,0.7139342,,,,
638006727005420297,,,,,,,looking at red cube,1.808499,10.80489,0.6531174,,,,
638006727005530294,,,,,,,looking at red cube,1.808499,10.78916,0.5880793,,,,
638006727005640296,,,,,,,looking at red cube,1.194204,10.77245,0.5254999,,,,
638006727005750297,,,,,,,looking at red cube,1.094083,10.7545,0.5254999,,,,
638006727005870293,,,,,,,looking at red cube,1.418743,10.62841,0.5254999,,,,
638006727005980290,,,,,,,looking at red cube,1.696974,10.57902,0.5254999,,,,
638006727006090290,,,,,,,looking at red cube,1.63836,10.56947,0.5254999,,,,
638006727006200292,,,,,,,looking at red cube,1.607286,10.57902,0.5254999,,,,
638006727006310293,,,,,,,looking at red cube,1.808499,10.54965,0.6526718,,,,
638006727006420291,,,,,,,looking at red cube,1.808499,10.53904,0.8561423,,,,
638006727006530298,,,,,,,looking at red cube,1.808499,10.52141,0.8448672,,,,
638006727006640294,,,,,,,looking at red cube,1.808499,10.51857,0.865188,,,,
638006727006750291,,,,,,,looking at red cube,1.808499,10.48359,0.8716624,,,,
638006727006860293,,,,,,,looking at red cube,1.808499,10.455,0.8657807,,,,
638006727006980291,,,,,,,looking at red cube,1.808499,10.43449,0.8544711,,,,
638006727007080294,,,,,,,looking at red cube,1.808499,10.36436,0.7817909,,,,
638006727007200291,,,,,,,looking at red cube,1.808499,10.34405,0.7710744,,,,
638006727007310285,,,,,,,looking at red cube,1.808499,10.3655,0.7967374,,,,
638006727007420298,,,,,,,looking at red cube,1.808499,10.33712,0.8909514,,,,
638006727007530289,,,,,,,looking at red cube,1.808499,10.30564,0.970239,,,,
638006727007640287,,,,,,,looking at red cube,1.808499,10.24554,1.037148,,,,
638006727007750288,,,,,,,looking at red cube,1.808499,10.31994,0.5875468,,,,
638006727007820289,,,,,,,Network Red Cube(Clone) was picked up,1.389999,10.35436,0.944,,,,
638006727028190235,,,,,,,looking at invis cube,1.51511,13.89335,-1.3015,,,,
638006727028300242,,,,,,,looking at invis cube,1.901515,13.7977,-1.457733,,,,
638006727028410246,,,,,,,looking at invis cube,1.901515,13.55317,-1.527195,,,,
638006727028520463,,,,,,,looking at invis cube,1.901515,13.58973,-1.430268,,,,
638006727028630240,,,,,,,looking at invis cube,1.901515,13.62769,-1.4304,,,,
638006727028740242,,,,,,,looking at invis cube,1.901515,13.53494,-1.395831,,,,
638006727028850234,,,,,,,looking at invis cube,1.901515,13.62179,-1.34031,,,,
638006727028960240,,,,,,,looking at invis cube,1.901515,13.51539,-1.384621,,,,
638006727029070241,,,,,,,looking at invis cube,1.901515,13.29088,-1.387746,,,,
638006727029190233,,,,,,,looking at invis cube,1.901515,13.3282,-1.489435,,,,
638006727029300242,,,,,,,looking at invis cube,1.901515,13.20738,-1.434216,,,,
638006727029410232,,,,,,,looking at invis cube,1.901515,13.1249,-1.435161,,,,
638006727029520246,,,,,,,looking at invis cube,1.901515,13.30413,-1.41467,,,,
638006727029630240,,,,,,,looking at invis cube,1.901515,13.41508,-1.374015,,,,
638006727029850241,,,,,,,looking at invis cube,1.901515,13.24315,-1.336545,,,,
638006727029960232,,,,,,,looking at invis cube,1.666739,13.17677,-1.3015,,,,
638006727030080233,,,,,,,looking at invis cube,1.901515,13.13708,-1.345593,,,,
638006727030370241,,,,,,,Network Neutral Cube(Clone) was picked up,1.390015,12.7865,-1.813,,,,
638006727035180227,,,,,,,looking at blue cube,0.9434996,13.90804,-1.363654,,,,
638006727035290225,,,,,,,looking at blue cube,0.8819656,13.90804,-1.366492,,,,
638006727035410471,,,,,,,looking at blue cube,0.9121056,13.84142,-1.428016,,,,
638006727035740222,,,,,,,looking at blue cube,0.8999004,13.77479,-1.42028,,,,
638006727036070562,,,,,,,looking at blue cube,1.117444,13.67492,-1.413099,,,,
638006727036180492,,,,,,,looking at blue cube,1.233121,13.60828,-1.410834,,,,
638006727036290216,,,,,,,looking at blue cube,1.17287,13.60828,-1.410101,,,,
638006727038740211,,,,,,,looking at blue cube,1.901515,13.0918,-1.324959,,,,
638006727038860211,,,,,,,looking at blue cube,1.901515,13.00051,-1.344123,,,,
638006727043400205,,,,,,,looking at blue cube,1.122038,11.44259,-1.689009,,,,
638006727043640206,,,,,,,looking at blue cube,1.176504,11.37606,-1.615346,,,,
638006727043740208,,,,,,,looking at blue cube,1.543306,11.37606,-1.470371,,,,
638006727043850198,,,,,,,looking at blue cube,1.901515,11.3578,-1.312341,,,,
638006727043960202,,,,,,,looking at blue cube,1.901515,11.36908,-1.312425,,,,
638006727044070203,,,,,,,looking at blue cube,1.901515,11.40182,-1.319308,,,,
638006727044180198,,,,,,,looking at blue cube,1.3451,11.4064,-1.3015,,,,
638006727044400202,,,,,,,looking at blue cube,1.901515,11.30984,-1.393738,,,,
638006727044520205,,,,,,,looking at blue cube,1.901515,11.29972,-1.555774,,,,
638006727044640204,,,,,,,looking at blue cube,1.901515,11.29531,-1.53156,,,,
638006727044740201,,,,,,,looking at blue cube,1.901515,11.2484,-1.536977,,,,
638006727044860198,,,,,,,looking at blue cube,1.901515,11.28937,-1.593315,,,,
638006727044960197,,,,,,,looking at blue cube,1.901515,11.28036,-1.548712,,,,
638006727045070199,,,,,,,looking at blue cube,1.901515,11.25307,-1.603355,,,,
638006727045180205,,,,,,,looking at blue cube,1.901515,11.2343,-1.576486,,,,
638006727045290202,,,,,,,looking at blue cube,1.901515,11.23164,-1.614874,,,,
638006727045400191,,,,,,,looking at blue cube,1.901515,11.2534,-1.634951,,,,
638006727045510199,,,,,,,looking at blue cube,1.901515,11.24576,-1.641765,,,,
638006727045620207,,,,,,,looking at blue cube,1.901515,11.21605,-1.657898,,,,
638006727045730201,,,,,,,looking at blue cube,1.901515,11.21131,-1.64421,,,,
638006727045850202,,,,,,,looking at blue cube,1.901515,11.1237,-1.381711,,,,
638006727062510154,,,,,,,looking at invis cube,1.901515,9.553504,-2.753303,,,,
638006727062640425,,,,,,,looking at invis cube,1.901515,9.184993,-2.773132,,,,
638006727062730154,,,,,,,looking at invis cube,1.901515,9.182941,-2.775041,,,,
638006727734268828,,,,,,,Game Over,,,,,,,
638006728177178406,,,,,,,Network Gold Left Half(Clone)was placed in dropzone,15,7,10.41,,,,
638006728220828365,,,,,,,Network Gold Left Half(Clone)was placed in dropzone,11,7,10.41,,,,
638006728385198200,,,,,,,Network Gold Cube Whole(Clone) was picked up,-7.93,2,-10.9,,,,
638006728423628173,,,,,,,Network Gold Cube Whole(Clone)was placed in dropzone,11,7,10.41,,,,
638006728467488126,,,,,,,Network Red Cube was picked up,-3.470106,5.636452,-14.56,,,,
638006728898518132,,,,,,,Network Red Cube(Clone) was picked up,1.389999,10.18772,0.944,,,,
638006730517458761,,,,,,300,Game Start,,,,,,,
638006730730148571,,,,,,,Network Red Cube(Clone) was picked up,1.389999,9.488122,0.944,,,,
638006730755228546,,,,,,,Network Red Cube(Clone)was placed in dropzone,11,7,10.41,,,,
638006730792768509,,,,,,,Network Red Cube(Clone) was picked up,1.389999,18.28392,-0.46,,,,
638006730817758500,,,,,,,Network Red Cube(Clone)was placed in dropzone,12,7,10.41,,,,
638006730837748471,,,,,,,Network Red Cube(Clone) was picked up,12,2,10.41,,,,
638006730855188688,,,,,,,Network Red Cube(Clone)was placed in dropzone,13,7,10.41,,,,
638006730873628445,,,,,,,Network Red Cube(Clone) was picked up,13,3,10.41,,,,
638006730889168433,,,,,,,Network Red Cube(Clone)was placed in dropzone,13,7,10.41,,,,
638006730905498711,,,,,,,Network Red Cube(Clone) was picked up,13,4,10.41,,,,
638006730921158410,,,,,,,Network Red Cube(Clone)was placed in dropzone,12,7,10.41,,,,
638006730940038385,,,,,,,Network Red Cube(Clone) was picked up,12,2,10.41,,,,
638006730983238427,,,,,,,Network Red Cube(Clone)was placed in dropzone,13,7,10.41,,,,
638006730988568339,,,,,,,Network Red Cube(Clone) was picked up,13,4.400518,10.41,,,,
638006731015998324,,,,,,,Network Red Cube(Clone)was placed in dropzone,13,7,10.41,,,,
638006731020558588,,,,,,,Network Red Cube(Clone) was picked up,13,4.633511,10.41,,,,
638006731031548310,,,,,,,Network Red Cube(Clone) was picked up,13,3,10.41,,,,
638006731038438308,,,,,,,Network Red Cube(Clone)was placed in dropzone,13,7,10.41,,,,
638006731042878302,,,,,,,Network Red Cube(Clone) was picked up,13,4.667193,10.41,,,,
638006731055988634,,,,,,,Network Red Cube(Clone) was picked up,13,2,10.41,,,,
638006731060428282,,,,,,,Network Red Cube(Clone)was placed in dropzone,13,7,10.41,,,,
638006731064868278,,,,,,,Network Red Cube(Clone) was picked up,13,4.666782,10.41,,,,
638006731071868277,,,,,,,Network Red Cube(Clone) was picked up,11,2,10.41,,,,
638006731074978274,,,,,,,Network Red Cube(Clone)was placed in dropzone,12,7,10.41,,,,
638006731104188605,,,,,,,Network Red Cube(Clone) was picked up,1.390015,4.556695,-3.12,,,,
638006731125398229,,,,,,,Network Red Cube(Clone)was placed in dropzone,11,7,10.41,,,,
638006731163938194,,,,,,,Network Neutral Cube(Clone) was picked up,1.390015,5.02307,-3.12,,,,
638006731184368172,,,,,,,Network Neutral Cube(Clone)was placed in dropzone,11,7,10.41,,,,
638006731199028160,,,,,,,Network Red Cube(Clone) was picked up,11,2,10.41,,,,
638006731208808153,,,,,,,Network Red Cube(Clone)was placed in dropzone,11,7,10.41,,,,
638006731235788132,,,,,,,Network Red Cube(Clone) was picked up,11,2,10.41,,,,
638006731244228127,,,,,,,Network Red Cube(Clone)was placed in dropzone,11,7,10.41,,,,
638006731270888105,,,,,,,Network Red Cube(Clone) was picked up,11,2,10.41,,,,
638006731278438332,,,,,,,Network Red Cube(Clone)was placed in dropzone,11,7,10.41,,,,
638006731293878089,,,,,,,Network Red Cube(Clone) was picked up,12,2,10.41,,,,
638006731297988077,,,,,,,Network Red Cube(Clone)was placed in dropzone,12,7,10.41,,,,
638006731307538078,,,,,,,Network Neutral Cube(Clone) was picked up,11,3,10.41,,,,
638006731309648072,,,,,,,Network Red Cube(Clone) was picked up,12,2.501519,10.41,,,,
638006731350408038,,,,,,,Network Red Cube(Clone) was picked up,1.389999,4.256992,-0.46,,,,
638006731370618014,,,,,,,Network Red Cube(Clone)was placed in dropzone,11,7,10.41,,,,
638006731374508014,,,,,,,Network Red Cube(Clone) was picked up,11,4.833826,10.41,,,,
638006731403607986,,,,,,,Network Neutral Cube(Clone) was picked up,1.389999,6.689184,0.944,,,,
638006731423817971,,,,,,,Network Neutral Cube(Clone)was placed in dropzone,11,7,10.41,,,,
638006731451137951,,,,,,,Network Red Cube(Clone) was picked up,1.389999,7.755312,2.336,,,,
638006731482017918,,,,,,,Network Red Cube(Clone)was placed in dropzone,11,7,10.41,,,,
638006731494787913,,,,,,,Network Neutral Cube(Clone) was picked up,11,3,10.41,,,,
638006731503777901,,,,,,,Network Neutral Cube(Clone)was placed in dropzone,12,7,10.41,,,,
638006731526437880,,,,,,,Network Neutral Cube(Clone) was picked up,12,2,10.41,,,,
638006731537987877,,,,,,,Network Neutral Cube(Clone)was placed in dropzone,11,7,10.41,,,,
638006731560637856,,,,,,,Network Neutral Cube(Clone) was picked up,12,2,10.41,,,,
638006731572527846,,,,,,,Network Red Cube(Clone) was picked up,11,2,10.41,,,,
638006731579187843,,,,,,,Network Red Cube(Clone)was placed in dropzone,11,7,10.41,,,,
638006731597187820,,,,,,,Network Red Cube(Clone) was picked up,11,2,10.41,,,,
638006731610957816,,,,,,,Network Red Cube(Clone)was placed in dropzone,11,7,10.41,,,,
638006731615287813,,,,,,,Network Red Cube(Clone) was picked up,11,5.000759,10.41,,,,
638006731642827790,,,,,,,Network Red Cube(Clone)was placed in dropzone,11,7,10.41,,,,
638006731642937789,,,,,,,Network Red Cube(Clone) was picked up,11,5.966421,10.41,,,,
638006731673367759,,,,,,,Network Red Cube(Clone)was placed in dropzone,11,7,10.41,,,,
638006731677697755,,,,,,,Network Red Cube(Clone) was picked up,11,5,10.41,,,,
638006731770657669,,,,,,,Network Neutral Cube(Clone) was picked up,1.389999,13.05328,0.944,,,,
638006731791427658,,,,,,,Network Neutral Cube(Clone)was placed in dropzone,11,7,10.41,,,,
638006731794987650,,,,,,,Network Neutral Cube(Clone) was picked up,11,5,10.41,,,,
638006731826417631,,,,,,,Network Red Cube(Clone) was picked up,1.389999,5.523197,2.336,,,,
638006731870397594,,,,,,,Network Red Cube(Clone) was picked up,1.390015,7.655562,-1.813,,,,
638006731887167573,,,,,,,Network Red Cube(Clone) was picked up,1.390015,5.690001,-1.813,,,,
638006731896157567,,,,,,,Network Neutral Cube(Clone) was picked up,1.389999,6.056282,2.336,,,,
638006731904157564,,,,,,,Network Red Cube(Clone) was picked up,1.389999,6.72253,-0.46,,,,
638006731933037542,,,,,,,Network Red Cube(Clone) was picked up,1.390015,7.255682,-1.813,,,,
638006731985117491,,,,,,,Network Neutral Cube(Clone) was picked up,1.389999,3.857192,0.944,,,,
638006731997667480,,,,,,,Network Red Cube(Clone) was picked up,1.389999,6.222586,2.336,,,,
638006732006777470,,,,,,,Network Neutral Cube(Clone) was picked up,1.390015,6.555368,-3.12,,,,
638006732022547460,,,,,,,Network Neutral Cube(Clone) was picked up,1.389999,7.955543,2.336,,,,
638006732066307424,,,,,,,Network Red Cube(Clone) was picked up,1.389999,7.089288,2.336,,,,
638006732078297412,,,,,,,Network Neutral Cube(Clone) was picked up,1.390015,6.556043,-1.813,,,,
638006732145487350,,,,,,,Network Neutral Cube(Clone) was picked up,1.389999,7.855254,-0.46,,,,
638006732158707344,,,,,,,Network Red Cube(Clone) was picked up,1.390015,6.955986,-3.12,,,,
638006732168927339,,,,,,,Network Red Cube(Clone) was picked up,1.389999,6.955646,0.944,,,,
638006732179037319,,,,,,,Network Red Cube(Clone) was picked up,1.390015,6.989456,-3.12,,,,
638006732186807315,,,,,,,Network Red Cube(Clone) was picked up,1.389999,7.721921,2.336,,,,
638006733086176549,,,,,,,Network Gold Left Half(Clone)was placed in dropzone,11,7,10.41,,,,
638006733316956354,,,,,,,Network Gold Left Half(Clone)was placed in dropzone,11,7,10.41,,,,
638006733349606323,,,,,,,Network Gold Left Half(Clone)was placed in dropzone,11,7,10.41,,,,
638006733517426176,,,,,,,Game Over,,,,,,,